%Y-%m-%d;LSCC;CSGS;EC;NYB;ALTR;APH;CLS;NET;SBUX;AYE;ASBC;SBL;PCZ;OSI;TRP;ROH;SU;MTD;RAD;GUC;market
2000-01-03;0.031167109;0.05172414;-0.019867551;-0.00921659;0.058007564;0.010328638;-0.040540539;-0.016393442;0.016752576;-0.037122969;-0.041058395;-0.000983284;-0.021739131;-0.019277109;0.007142857;-0.007680492;-0.017964073;-0.073649757;0.067415729;0.002183406;-0.007123765
2000-01-04;-0.075241156;-0.023845008;-0.050675675;-0.032558139;-0.050059594;-0.034386616;-0.115023471;-0.064285718;-0.031685676;0.012048192;-0.039010465;-0.083661415;-0.017777778;0.007371007;-0.014184397;-0.017027864;0.033536587;-0.021201413;-0.042105265;-0.032135077;-0.039521188
2000-01-05;-0.025730181;-0.003053435;0.021352313;-0.002403846;-0.011292347;-0.02213667;-0.071618035;0.012722646;0.013089005;0.045238096;0.001980198;-0.066595063;0.06334842;0;0;0.061417323;0.085545726;-0.02166065;-0.021978023;-0.018570624;-0.000856311
2000-01-06;-0.049250536;-0.050535988;0.027874565;0.002409639;-0.02538071;-0.027559055;0.002857143;-0.042713568;0.036175709;-0.009111618;0.029644269;-0.024165709;-0.021276595;-0.004878049;0;0.037091989;-0.027173912;0.022140222;-0.033707865;-0.018348623;-0.00735285
2000-01-07;0.041291293;-0.008064516;0.013559322;0.002403846;0.104166664;0.010121457;0.048433047;0.05511811;-0.004987531;0.002298851;0.013435701;-0.003537736;-0.004347826;-0.031862747;-0.035971224;0.072961375;0.00698324;0.028880866;0.023255814;0.03271028;0.032510944
2000-01-10;0.094448447;0.082926832;-0.030100334;-0.002398082;0.069575474;0.047094189;0.078804351;0.009950249;0.042606518;0;0.001893939;0.028402368;0.004366812;0.055696204;0;-0.044;0.015256588;0.045614034;-0.022727273;0.007918552;0.018156419
2000-01-11;-0.031620555;-0.043543544;-0.006896552;-0.007211538;-0.068357222;0.023923445;-0.056675062;-0.04187192;-0.028846154;-0.009174312;-0.045368619;-0.006904488;0.004347826;-0.01438849;-0.014925373;-0.020920502;-0.034153007;-0.031879194;-0.011627907;0.028058361;-0.016823897
2000-01-12;0.020408163;-0.01255887;0.006944444;-0.012106538;0.035502959;0.138317764;0;-0.041131105;0.002475247;0.013888889;0.02079208;0.03128621;0.025974026;-0.054744527;-0.015151516;0;-0.026874116;-0.005199307;-0.270588249;0.005458515;-0.007047098
2000-01-13;0.058666665;0.106518283;0;0.019607844;0.027428571;-0.013136289;0.006675567;0.075067021;0.071604937;0.002283105;-0.006789525;-0.02247191;0.054852322;0.045045044;-0.007692308;0.00997151;0.011627907;0;0.032258064;0.034201954;0.016178807
2000-01-14;0.068010077;0.02586207;-0.010344828;-0.043269232;0.061179087;0.020798668;-0.00265252;0.117206983;-0.025345622;-0.013667426;0.009765625;0.043678161;-0.008;0.014778325;-0.007751938;0.014104372;0.047413792;-0.010452962;-0.0078125;0.005249344;0.010918095
2000-01-18;0.002948113;0.064425774;-0.024390243;0.005025126;0.012578616;0.026894866;-0.027925532;-0.017857144;-0.014184397;-0.016166281;-0.021276595;0.025330396;0.096774191;0.006067961;0.03125;-0.033379693;0.03292181;-0.01056338;0.007874016;-0.03446475;-0.001128723
2000-01-19;0.005291005;0.002631579;-0.014285714;-0.067500003;-0.014492754;-0.00952381;-0.025991792;-0.009090909;-0.021582734;0.04225352;-0.005928854;-0.030075189;-0.025735294;-0.001206273;-0.015151516;-0.020143885;-0.031872511;0.005338078;-0.0625;-0.022174148;0.004622551
2000-01-20;0.121637426;0.018372703;-0.021739131;-0.061662197;0.182773113;-0.005608974;0.012640449;0.020642202;-0.017156864;-0.031531531;-0.013916501;0.014396456;-0.04528302;-0.024154589;-0.069230773;-0.033773862;-0.045267489;-0.01238938;0;0.004977876;-0.003118787
2000-01-21;-0.013555788;-0.019329896;-0.022222223;0.002857143;0.006216696;-0.038678486;0.012482663;-0.02247191;-0.003740648;0.037209302;-0.016129032;0.055676855;-0.003952569;-0.007425743;-0.024793388;0.019756839;-0.034482758;0;-0.050000001;0.021463951;0.002661395
2000-01-24;-0.002114165;-0.073587388;-0.022727273;0.007122507;-0.017652251;-0.007544007;-0.043835618;0.048275862;-0.016270338;0.024663677;-0.016393442;0.05894519;-0.05952381;-0.014962593;-0.025423728;-0.008941878;-0.002976191;-0.007168459;0.043859649;-0.010775862;-0.02530985
2000-01-25;0.01006356;-0.041134752;-0.011627907;0.007072136;0.020664869;-0.027871622;-0.057306591;0.006578947;0.058524173;-0.043763675;0.00625;0.008789063;0.054852322;0.012658228;0.069565214;-0.037593983;0.014925373;-0.012635379;-0.008403362;0.001089325;0.005560734
2000-01-26;-0.057157841;-0.032544378;0.011764706;0.002808989;-0.055457745;0.014769766;-0.039513677;-0.047930282;0.115384616;0.013729977;0.01242236;-0.017424976;0.004;0.005;0;0.082812503;-0.01764706;-0.007312614;-0.050847456;0.005984766;-0.004406845
2000-01-27;-0.043381535;0;-0.003875969;0.025210084;-0.01863933;-0.014554795;-0.049050633;-0.048054919;-0.004310345;-0.011286682;-0.034764826;-0.028571429;0;0.062189054;0.040650405;0.023088023;0.068862274;-0.022099448;-0.026785715;-0.022714982;-0.00331643
2000-01-28;-0.022093024;-0.047400612;0;0.008196721;-0.037037037;-0.046915725;0.054076537;-0.012019231;0.032467533;-0.031963471;-0.025127118;-0.022312373;0;-0.038641687;0;-0.045133993;0.011204482;-0.026365349;-0.027522936;-0.01438849;-0.028033471
2000-01-31;-0.023781212;-0.028892456;-0.007782101;0;0.037475344;-0.010027347;0.011838989;0.00973236;0.073375262;0.035377357;0.062568605;-0.0093361;-0.035856575;-0.035322778;0.0234375;-0.001477105;-0.041551247;-0.013539651;0.066037737;-0.040426727;0.014975029
2000-02-01;0.040194884;0.104132235;0;0.01369863;0.048479088;-0.006445672;0.054602183;-0.007228916;0.009765625;0.013667426;-0.010330578;0.00104712;0.016528925;0.02020202;-0.022900764;0.02514793;0.00867052;0.003921569;0.07079646;0.025160912;0.012204345
2000-02-02;0.064988293;0.013473053;0.019607844;0;0.00543971;0.021316033;0.099112429;0.012135922;-0.015473888;0.008988764;-0.004175365;0.0041841;-0.048780486;-0.012376238;-0.015625;-0.024531025;-0.008595988;0.01171875;-0.016528925;0.02739726;0.002745931
2000-02-03;0.037932929;0.001477105;0.042307694;0.016216217;0.082957618;0.004537205;0.084791385;0.004796163;-0.01178782;0.020044543;0.01048218;0.06666667;-0.008547009;0.047619049;-0.023809524;0.022189349;-0.005780347;0.081081077;-0.033613447;0.031111112;0.015270558
2000-02-04;-0.004237288;-0.008849557;-0.003690037;-0.015957447;-0.034138218;0.014453478;-0.017369727;-0.019093079;0.093439363;-0.024017468;0;-0.010742188;-0.021551725;0.017942583;-0.016260162;-0.018813314;-0.018895349;0.08214286;0;-0.050646551;0.00093446
2000-02-07;0.076063827;-0.017857144;-0.014814815;-0.047297299;0.054310344;-0.016028496;0.03409091;-0.041362531;-0.003636364;-0.015659954;-0.026970955;0.030602172;0.004405286;0.015276146;-0.008264462;-0.041297935;0.004444445;0.00330033;0.034782607;-0.028376844;0.002851165
2000-02-08;0.029164607;0.015151516;-0.007518797;-0.009929078;0.008176615;0.009954751;0.042735044;0.02284264;0.02189781;0.011363637;0.023454158;0.075670496;0.00877193;0.006944444;0;-0.012307692;-0.01179941;-0.016447369;0;-0.068925232;0.012497767
2000-02-09;-0.024975985;-0.004477612;-0.03409091;-0.042979944;-0.039740469;-0.029569892;-0.011709602;-0.042183623;-0.014285714;0.011235955;-0.03125;0.048975956;-0.017391304;-0.098850578;-0.050000001;-0.03894081;-0.010447761;-0.008361204;0;-0.021329988;-0.017231325
2000-02-10;0.042857144;0.035982009;0.003921569;-0.026946107;0.030405406;-0.014773777;-0.069905214;0.158031091;-0.072463766;-0.006666667;-0.023655914;0.06366723;0.022123894;0.015306123;0;0.008103727;-0.007541478;0.008431703;-0.016806724;0.056410257;0.006191792
2000-02-11;-0.010864431;0.013024602;-0.05078125;-0.006153846;-0.03852459;-0.00656045;-0.011464968;0.127516776;0.02734375;-0.008948546;0;-0.011173184;-0.004329004;-0.042713568;-0.00877193;-0.03215434;0.007598784;-0.001672241;-0.017094018;-0.061286408;-0.01731387
2000-02-14;-0.008595988;-0.005714286;0.012345679;0.015479876;0.018755328;0.23679246;-0.100515462;-0.05952381;0.032319393;0.004514673;-0.005506608;0.029862793;0.017391304;-0.015748031;-0.008849557;0.039867111;0.009049774;0.015075377;-0.034782607;-0.020038785;0.002639656
2000-02-15;-0.023121387;0;-0.00406504;-0.018292682;-0.009205021;-0.083142638;0.008595988;-0.025316456;0.020257827;0.008988764;0.021040974;0.090909094;0.004273504;0.002666667;0;0.062300321;0.020926757;0.008250825;0.009009009;-0.015171504;0.007245674
2000-02-16;0.01183432;0.070402302;-0.020408163;0;0.03462838;0.025790349;0.032670453;0.043290045;-0.012635379;0.0155902;-0.004338395;0;-0.012765957;-0.034574468;0.017857144;-0.017984962;0.007320644;0.004909984;-0.008928572;0.028801072;-0.005389471
2000-02-17;-0.027290449;0.079194628;0.020833334;0.015527951;0.044897959;-0.016220599;0.0522696;0.002074689;0.012797075;0.01754386;-0.03267974;0;0.004310345;0.035812672;-0.02631579;-0.009230769;-0.010174419;-0.011400651;-0.045045044;0.022135416;0.004739242
2000-02-18;-0.068136275;-0.034825869;-0.01632653;-0.018348623;-0.071093753;-0.041220114;-0.007843138;-0.062111802;-0.0433213;-0.02586207;-0.018018018;-0.003591954;-0.017167382;0.069148935;-0.009009009;-0.041925468;-0.042584434;-0.037891269;0;-0.082802549;-0.026441148
2000-02-22;0.026344085;-0.034793813;0.024896266;-0.021806853;-0.056349874;-0.018916596;-0.079051383;-0.006622517;0.001886792;-0.013274336;0.006880734;-0.036770009;0;-0.004975124;-0.009090909;0.077795789;-0.015337423;-0.006849315;0.009433962;-0.001388889;0.000669487
2000-02-23;0.051859614;0.020026702;-0.020242915;-0.01433121;0.040998217;0.016652059;0.041487839;0.013333334;0.050847456;-0.006726457;-0.025056947;-0.010479042;-0.021834061;0.029999999;0;0.004511278;-0.046728972;0.018965518;0.102803737;0.001390821;0.012141675
2000-02-24;0.037848607;-0.034031413;-0.074380167;-0.011308562;0.06078767;0.019827586;-0.005494506;0.076754384;0.005376344;-0.036117382;-0.011682243;-0.017397882;0.004464286;-0.016990291;0;-0.026946107;0.024509804;-0.003384095;0.220338985;-0.011111111;-0.000433245
2000-02-25;-0.002399232;0.00406504;-0.03125;-0.009803922;-0.066182405;0;0.026243094;0.024439918;-0.037433155;-0.004683841;-0.024822695;0.095458046;0.026666667;0.039506175;0.018348623;-0.049230769;-0.01754386;0.005093378;-0.194444448;-0.023174157;-0.009657459
2000-02-28;0.026455026;0.03508772;-0.013824885;0.046204619;-0.011235955;0.014370245;0.01076716;-0.067594431;0.009259259;0;0.013333334;0.016865777;0;0;-0.009009009;0.025889968;-0.016233766;0.045608107;-0.034482758;-0.061107118;0.007761833
2000-02-29;0.053420804;0.071707956;0.018691588;-0.041009463;0.115384616;0.06583333;-0.015978696;0.038379531;0.03119266;-0.02117647;-0.031100478;0.051831376;0;-0.007125891;0;0.01577287;0.008250825;-0.001615509;-0.017857144;0.071209803;0.019264447
2000-03-01;0.026245551;0.01216545;-0.036697246;0.019736841;0.061128527;0.069585614;-0.012178619;-0.026694044;-0.010676157;-0.026442308;-0.014814815;0.048620235;0.017815411;0.016746411;0;-0.068322979;0.014729951;-0.004854369;0.018181818;-0.017869906;0.014231846
2000-03-02;-0.047247507;0.103365384;0.004761905;-0.035483871;-0.032496307;-0.038011696;0.094520546;-0.037974682;-0.043165468;0.007407407;-0.015037594;0.004385965;-0.012820513;-0.044705883;0.027272727;-0.038333334;-0.001612903;-0.029268293;-0.035714287;0.00363901;-0.000730913
2000-03-03;0.068243861;0.018518519;0.04265403;0.063545153;0.184732825;-0.002279635;-0.008760951;0.002192982;0.118421055;-0.00245098;-0.005089059;0.021210231;-0.034632035;0.027093597;0.132743359;0.058925476;0.016155088;0;-0.037037037;-0.007976795;0.022664556
2000-03-06;0.063884154;0.01604278;-0.022727273;0.006289308;-0.030927835;0.005331303;-0.01010101;-0.004376368;-0.035294119;-0.039312039;-0.020460358;-0.029932804;-0.049327355;-0.004796163;0.0078125;-0.032733224;-0.039745629;-0.011725293;-0.03846154;0.002923977;-0.006496877
2000-03-07;0.005604484;0.043157894;-0.023255814;-0.003125;-0.015957447;-0.047727272;-0.026785715;-0.021978023;-0.048780486;0.002557545;-0.065274149;-0.002518892;0.056603774;-0.057831325;-0.031007752;-0.067681894;0.046357617;0.044067796;-0.02;0.002186589;-0.021698274
2000-03-08;-0.052547771;-0.035317861;0.023809524;-0.012539185;0.006756757;-0.031026253;0.01965924;-0.011235955;-0.007326007;0.012755102;-0.002793296;-0.037247475;0.017857144;0.025575448;-0.016000001;0.018148821;0.017405063;-0.025974026;0.030612245;0.000727273;0.006437412
2000-03-09;0.044537816;0.041579496;0.018604651;-0.028571429;0.03624161;0.009852217;0.028277636;0.086363636;0.066420667;-0.002821158;0.028011205;0.038793441;-0.00877193;0.034912717;-0.024390243;0.007130125;-0.00466563;-0.013333334;-0.03960396;0.060319766;0.024006877
2000-03-10;0.017699115;-0.01782576;-0.00913242;-0.019607844;-0.022668393;0.1203252;0.03875;0.043933053;-0.013840831;-0.012853471;-0.013623978;0.002525253;0.022123894;0.007228916;0;0.007079646;0.0015625;0.013513514;0.010309278;0.001370802;-0.003220156
2000-03-13;-0.056126483;0.058282208;-0.020276498;-0.050000001;-0.066269055;-0.033381712;-0.030084236;-0.028056113;-0.024561403;0.002604167;0.005524862;-0.035894208;0.051948052;-0.037081338;0.041666668;0.017574692;0.007638066;0.018333333;0;-0.024640657;-0.014238994
2000-03-14;-0.070351757;-0.075362317;-0.009478673;-0.003508772;-0.000709723;-0.030030031;0.028535981;0.065979384;-0.037769783;0;0;0.027433051;0.024691358;0.004968944;0.024;0.031088082;-0.035714287;0.006546645;0.020408163;-0.011929825;-0.022126025
2000-03-15;-0.075675674;0.119122259;0.119617224;0.105633803;-0.040482953;0.066563465;0.013268999;0.00967118;0.052336447;0.096103899;0.079670332;-0.061665606;0.012048192;0.072929546;-0.0390625;0.1038526;-0.020933978;0.021138212;-0.100000001;0.017045455;0.007596344
2000-03-16;0.061403509;-0.034547154;0.047008548;0.006369427;0.019245004;0.026124818;0.046428572;0.040229887;0.090586148;0.035545025;0.083969466;-0.01897019;0.027777778;0.094470046;0.024390243;0.028831564;0.032894738;0.085987262;0.044444446;0.076117322;0.041298099
2000-03-17;0.028466484;0.140232101;-0.008163265;0.044303797;0.002178649;0.074257426;0.093287826;0.025782689;-0.034201954;-0.020594966;-0.018779343;-0.006906077;-0.027027028;0.021052632;0;-0.017699115;-0.025477707;-0.004398827;0;0.021414666;0.00644637
2000-03-20;-0.04107143;-0.106022052;0.020576132;-0.060606062;-0.002898551;-0.019749835;-0.050988555;-0.046678636;-0.050590221;-0.01635514;-0.033492822;-0.031293463;0.003968254;-0.006185567;0.015873017;-0.009009009;0.013071896;0.010309278;-0.021276595;-0.01270648;-0.016125031
2000-03-21;0.064711362;-0.062618598;-0.024193548;0.032258064;0.014534884;-0.003357958;-0.015350877;0.043314502;0.108348139;0.009501188;0.032178219;-0.00430725;-0.019762846;0.047717843;0.0078125;0.013636364;-0.019354839;0.001457726;0.010869565;-0.021879021;0.019275695
2000-03-22;0.049409706;0.054655872;-0.004132231;0.025;0.017191976;0.011455526;0.006681514;0.059566788;0.003205128;-0.047058824;0.011990407;0.018024513;0;0.00990099;-0.015503876;-0.020926757;-0.02631579;0.036390103;-0.032258064;-0.061842106;0.013515934
2000-03-23;0.009166666;0.009596929;0.033195022;-0.048780486;0.038028169;0.045969352;-0.004424779;-0.044293016;0.006389776;0.029629629;0.030805686;0.014164306;0;0.021568628;-0.007874016;0.001526718;0.018581081;-0.009831461;0.033333335;-0.05820477;0.01447546
2000-03-24;-0.022295624;-0.009505703;-0.004016064;0.003205128;0.040705562;-0.01656051;-0.057777777;-0.01604278;-0.01904762;0;-0.009195402;0.010474861;0.008064516;-0.009596929;-0.007936508;-0.015243903;0.008291874;-0.053900708;-0.010752688;0.007446016;0.002112425
2000-03-27;0.038006756;0.021113243;-0.032258064;-0.012779552;-0.024771838;0.070595853;0.079009436;0.005434783;0.012944984;0.009592326;0.016241299;0.025570145;0.016000001;-0.044573642;-0.008;0;0.013157895;-0.026986506;0.010869565;-0.015521064;-0.003253682
2000-03-28;-0.060211554;-0.068609022;0;-0.058252428;-0.062165774;-0.033272836;-0.001092896;-0.07027027;-0.030351438;-0.016627079;-0.00456621;-0.035714287;0;-0.012170386;-0.008064516;0.004643963;0.008116883;-0.026194144;0.010752688;0.021021022;-0.013121917
2000-03-29;-0.038961038;-0.112008072;-0.008333334;0.006872852;-0.032074127;-0.035043806;-0.019693654;-0.065891474;0.0461285;0;-0.002293578;-0.057302587;0.007874016;0.008213553;0.001706666;0.020030817;0.041867957;0.025316456;-0.010638298;0.052205883;-0.009969665
2000-03-30;-0.037837837;-0.093181819;0.021008404;-0.013651877;-0.100147277;0;-0.072544642;-0.026970955;0.001574803;0.026570048;0.020689655;-0.027427724;0.06640625;-0.00407332;-0.016528925;0.046827793;0.081916541;0;-0.010752688;0.005590496;-0.017762793
2000-03-31;0.014044944;-0.021303259;-0.004115226;0;0.168576106;0.060959794;0.02166065;0.100213222;0.127358496;0.042352941;0.076576576;0.003810976;-0.018315019;0.049079753;0.016806724;0.030303031;-0.028571429;0.010802469;-0.021739131;-0.011118833;0.012053548
2000-04-03;-0.067405358;0.033290654;0.008264462;0.044982698;-0.081932776;-0.015281173;-0.041224971;-0.112403102;-0.075313807;-0.024830699;0.0041841;-0.131359145;0.037313432;0.054580897;0;-0.036414567;0.048529413;-0.018320611;-0.011111111;-0.006324666;-0.016397592
2000-04-04;-0.035643563;-0.034696408;-0.00409836;0.009933775;0.040427156;0.003103662;-0.06388206;-0.054585151;0.048265461;0.023148147;-0.033333335;-0.020979021;-0.017985612;-0.073937155;-0.008264462;0.024709303;-0.011220196;-0.00466563;0;-0.015558699;-0.012826283
2000-04-05;0.063655034;0.106546856;0.024691358;0.013114754;0.013929619;0.029702971;0.023622047;-0.027713627;-0.089208633;0.011312217;-0.034482758;0.044642858;-0.010989011;0.011976048;0;0.008510638;-0.012765957;0.003125;-0.02247191;0.005747126;0.000798624
2000-04-06;0.025096525;0.087006964;0.008032128;-0.009708738;-0.023138106;0.0625;0.015384615;0.035629455;-0.050552923;-0.013422819;0.008928572;0.087179489;0;0.001972387;0;0.007032349;-0.001436782;-0.001557632;-0.022988506;-0.011428571;0.015278156
2000-04-07;0.071563087;0.024546424;-0.011952192;-0.009803922;0.093264252;0.073529415;0.011363637;0.073394492;0.066555738;-0.002267574;-0.03318584;0.099056602;-0.018518519;0;-0.016666668;0;-0.001438849;0.012480499;-0.011764706;-0.012283237;0.014384463
2000-04-10;-0.036906853;-0.054166667;0.008064516;-0.01980198;-0.102911308;-0.010537407;-0.003745318;-0.111111112;-0.085803434;0.015909091;-0.006864989;0.002145923;-0.049056605;-0.017716536;0.008474576;0.005586592;-0.007204611;-0.009244992;0.083333336;0.013899049;-0.019166056
2000-04-11;-0.025547445;-0.055066079;0.039999999;0.053872053;0.042264152;-0.001064963;-0.025062656;-0.014423077;0.035836179;0.002237136;0.019585254;-0.079229124;0;0.026052104;-0.016806724;0.029166667;0.010159652;-0.00466563;0.285714298;-0.007215007;-0.010047853
2000-04-12;-0.074906364;-0.078088582;0.01923077;0.057507988;-0.049963795;-0.01705757;-0.048843186;-0.070731707;-0.008237232;0.029017856;0.012429379;-0.074418604;0.075396828;-0.005859375;0.017094018;0.033738192;0.063218392;0.0078125;-0.111111112;0.023982558;-0.029497474
2000-04-13;-0.004048583;-0.012642225;0.003773585;-0.012084592;-0.028201219;-0.01626898;0.008108108;-0.034120735;0.058554817;0.021691974;-0.03125;0.02638191;0;-0.056974459;0.016806724;-0.037859008;-0.028378379;0.015503876;0.028846154;-0.009226401;-0.017358901
2000-04-14;-0.125254065;-0.063700385;-0.037593983;-0.039755352;-0.089411765;-0.183020949;-0.120643429;-0.141304344;-0.116516277;-0.012738854;-0.043202765;-0.050183598;-0.014760148;-0.029166667;-0.008264462;-0.061058346;-0.001390821;-0.053435113;-0.065420561;-0.160458446;-0.065769732
2000-04-17;0.13505663;0.009230769;0;-0.006369427;0.163652018;0.04723347;0.086890243;0.117088608;0.026642984;-0.008602151;0.052378085;0.041237112;0;-0.015021459;-0.025;-0.007225433;-0.041782729;0.041935485;-0.059999999;0.130546078;0.02949428
2000-04-18;0.044012282;0.224932253;-0.0390625;0.009615385;0.124352328;0.157216489;0.049088359;0.11048159;0.036332179;0;0.013729977;-0.00990099;0;0.017429193;-0.008547009;-0.002911208;0.005813953;0.057275541;-0.010638298;0.027169811;0.038254365
2000-04-19;0.003921569;-0.079646021;0.024390243;0.03809524;-0.050691243;0.027282851;0.050802138;-0.035714287;-0.005008347;0;-0.056433409;0.015;0.029962547;0.00856531;0.034482758;-0.164963499;-0.007225433;0.039531481;-0.010752688;0.005878031;-0.007735937
2000-04-20;-0.016601563;-0.036057692;0.027777778;-0.006116208;0.011789181;-0.020054201;0.013994911;0.031746034;0.005033557;0.015184382;0.0645933;0.029556651;0.007272727;-0.053078555;0;-0.012237762;0.008733625;-0.008450705;-0.032608695;-0.008765522;0.000619591
2000-04-24;-0.093346573;-0.043640897;-0.003861004;0;-0.015078821;-0.025442477;0.00250941;-0.064102568;0.066777967;0.017094018;0.004494382;-0.015550239;0;0.011210762;-0.008333334;-0.005309734;-0.012987013;-0.130681813;-0.02247191;0.008106116;-0.010124454
2000-04-25;0.104052573;0.100391135;0.050387599;0.009230769;0.100904666;0.089670829;0.050062578;0.049315069;-0.043818466;0.033613447;0.010626398;0.051032808;-0.02166065;0.057649668;-0.016806724;0.003558719;0;0.145424843;0.045977011;0.013157895;0.038808759
2000-04-26;-0.061507937;-0.104265399;-0.007380074;0;-0.013274336;-0.030208332;0.007151371;-0.036553524;-0.027823241;0.028455285;-0.028223574;0.048554912;0.007380074;0.04192872;0;-0.023049645;-0.002923977;-0.047075607;-0.054945055;0.015873017;-0.011303743
2000-04-27;0.076109938;-0.021164021;0.014869888;0;0.086483024;0.031149302;0.001183432;0.10569106;-0.001683502;-0.027667984;-0.030432802;-0.049614113;-0.003663004;0.032193158;-0.017094018;-0.030852994;0.016129032;-0.017964073;-0.046511628;0.001420455;0.007124715
2000-04-28;0.058939096;-0.002702703;0.029304029;0.00308642;-0.035377357;0.0625;0.031914894;-0.00245098;-0.184232712;-0.012195121;-0.028503563;0.034802783;-0.007352941;0.021442495;-0.008695652;0.067415729;-0.014430014;-0.158536583;-0.012195121;-0.005673759;0.000787857
2000-05-01;0.011131725;-0.024390243;0.017793594;0;0.017114915;-0.061764706;-0.036655214;0.046683047;0.023255814;-0.008230452;0.036674816;0.035874441;-0.003703704;0.005725191;0;-0.00877193;0.027818449;0.009057971;-0.037037037;0.003566334;0.014977849
2000-05-02;-0.053211011;-0.036111113;0.01048951;-0.015384615;-0.072716348;-0.013584117;-0.01783591;-0.112676054;0.032323234;-0.0373444;-0.018867925;-0.038961038;0.033457249;-0.001897533;-0.00877193;0.092035398;0.018518519;-0.023339318;0.07692308;-0.007107321;-0.019392589
2000-05-03;-0.060077518;-0.008645534;0.020761246;-0.00625;0.001296176;-0.125;-0.089588381;0.018518519;-0.003913894;0.006465517;-0.021634616;-0.018018018;0.028776979;-0.045627378;-0.008849557;-0.055105347;0.001398601;0.045955881;0;-0.040085897;-0.020965954
2000-05-04;0.009278351;0.005813953;0.006779661;-0.022012578;-0.005825242;0.060532689;-0.003989362;0.054545455;0.051080551;0.023554605;0.024570024;-0.028669724;0.020979021;0.049800798;0;0.024013722;0.012569833;-0.007029877;0.023809524;0.020134227;0.000841674
2000-05-05;0.043922368;-0.002890173;-0.016835017;0.006430868;0.037760418;0.076484017;0.032042723;0.017241379;0.007476636;-0.025104603;-0.004796163;-0.060212515;-0.017123288;0.036053132;-0.017857144;0.013400335;-0.020689655;0.017699115;0.034883723;0.010233918;0.015675902
2000-05-08;-0.056751467;-0.024637681;-0.003424658;-0.006389776;-0.032622334;0.01378579;-0.014230272;-0.043583535;-0.020408163;0.025751073;0.014457831;-0.035175879;-0.024390243;-0.021978023;-0.009090909;-0.014876033;-0.001408451;-0.048695654;0.011235955;-0.005065123;-0.010093865
2000-05-09;-0.031120332;0.028231798;0;-0.025723472;-0.078469522;-0.100418411;-0.034120735;0.012658228;0.011363637;0.020920502;0.033254158;-0.079427086;0.046428572;-0.001872659;0.009174312;0.011744967;0.040902682;-0.023765996;0.033333335;0.011636363;-0.011652743
2000-05-10;-0.085653104;-0.054913294;-0.01718213;0.00330033;-0.090077408;-0.113953486;-0.065217391;-0.104999997;-0.024344569;0.00409836;-0.034482758;-0.057991512;0.013651877;-0.028142588;-0.009090909;-0.038076285;0.005420054;0.058052436;-0.010752688;-0.001437815;-0.026446037
2000-05-11;0.098946139;0.110091746;0.027972028;0.02631579;0.054137666;0.061679792;0.013081395;0.05027933;0.021113243;0.018367346;0.004761905;0.042042043;0.01010101;0.009652509;0.027522936;0.038128249;0.043126684;0.130973458;0.076086953;0.002159827;0.020420257
2000-05-12;-0.013319126;0.035812672;-0.013605442;-0.028846154;-0.013206162;0.022249691;0.031563845;0.002659574;-0.020676691;-0.03006012;0.004739337;0.038904898;0.023333333;-0.009560229;-0.008928572;0.038397327;-0.002583979;-0.050078247;0;0.000718391;0.008356284
2000-05-15;0.028077753;-0.035904255;0.017241379;0.00990099;0.039405204;-0.029020555;0;-0.0132626;-0.001919386;0.008264462;0.009433962;0.006934813;0.019543974;0.021235522;0.027027028;0.030546624;-0.001295337;-0.026359143;0.13131313;-0.00143575;0.020785337
2000-05-16;0.029411765;0.027586207;-0.00338983;-0.006535948;0.060085837;-0.021170611;0.001390821;0.051075269;0.023076924;-0.008196721;-0.002336449;0.015151516;-0.003194888;0.017013233;0.01754386;-0.029641185;-0.027237354;0.04568528;0;0.000718907;0.013579176
2000-05-17;-0.013265306;0.004026846;0.006802721;-0.019736841;-0.032388665;-0.001272265;-0.023611112;-0.03836317;-0.02443609;-0.030991735;-0.009367681;0.001356852;-0.003205128;-0.01858736;0.05172414;-0.012861736;0.021333333;-0.051779937;-0.008928572;-0.059626438;-0.013335116
2000-05-18;-0.016546018;0.065508023;0.003378378;-0.013422819;-0.062064156;0.0522293;-0.015647227;-0.050531916;-0.053949904;0.031982943;0.002364066;0.017615177;0.03215434;-0.054924242;-0.024590164;-0.004885993;0;-0.005119454;0.135135129;-0.016806724;-0.010554046
2000-05-19;-0.068349108;-0.023839397;-0.003367003;-0.006802721;-0.050557621;-0.042372882;-0.005780347;-0.050420169;-0.018329939;-0.006198347;-0.033018868;-0.078561917;0.009345794;-0.022044089;0;-0.022913257;-0.005221932;-0.04116638;-0.047619049;-0.007770008;-0.024130892
2000-05-22;0.009029346;-0.016709512;0;0.01369863;0.050117463;-0.044247787;-0.078488372;0;-0.008298756;0.027027028;0.048780486;-0.067919075;0;-0.006147541;-0.025210084;-0.015075377;0.047244094;-0.01431127;-0.033333335;-0.000783085;-0.007466841
2000-05-23;-0.078299776;0.049673203;-0.003378378;-0.023648649;-0.104399703;-0.015873017;-0.028391168;-0.05899705;-0.052301254;-0.018218623;0.006976744;-0.041860465;-0.024691358;0.016494846;0.02586207;-0.00170068;-0.060150377;0.030852994;-0.086206898;0.015673982;-0.023479389
2000-05-24;0.048543688;0.026151931;-0.013559322;0.044982698;0.070774354;-0.032258064;-0.012987013;0.031347964;0.094922736;0.020618556;0.030023094;0.024271844;0;-0.010141988;0.016806724;0.00681431;-0.002666667;0.051056337;0.056603774;0.012345679;0.015999446
2000-05-25;-0.027777778;0;-0.041237112;-0.043046359;-0.03732504;-0.011111111;0.083881579;-0.039513677;-0.036290321;-0.012121212;-0.020179372;0.023696683;-0.022151899;-0.020491803;0;-0.065989845;-0.00802139;0.033500839;0.008928572;0.050304879;-0.011913599
2000-05-26;0.014285714;-0.009708738;-0.014336918;0.003460208;0.008077544;0.007022472;-0.028831564;0.034810126;-0.025104603;0.008179959;0.004576659;0.009259259;-0.016181231;0.050209206;0.03305785;0.018115941;0.018867925;-0.040518638;-0.03539823;-0.004354137;-0.00174061
2000-05-30;0.095070422;0.00122549;0.039999999;0.096551724;0.11057692;0.071129709;0.084375001;0.103975534;0.135193139;-0.002028398;0.032346264;0.056574922;0;-0.047808766;-0.008;0.001779359;-0.026455026;0.038851351;0.027522936;0.00728863;0.037778851
2000-05-31;0.017148981;-0.025703795;-0.017482517;-0.006289308;-0.008658009;-0.046875;0.073487028;-0.030470913;0.028355388;0.010162601;-0.011529126;0.020260492;0.003557895;0.014644352;0.008064516;-0.030195381;-0.002717391;0.019512195;-0.008928572;-0.008683068;-0.002159349
2000-06-01;0.056902003;0.149497494;-0.021352313;-0.015822785;0.055312954;0.075136609;0.030872483;0.045714285;0.014705882;-0.006036217;0.023941068;0.05957447;0.039473683;0.006185567;0.032000002;-0.016483517;0.013623978;0.019138755;-0.045045044;-0.002919708;0.024921827
2000-06-02;0.08374875;0.003278689;0.032727271;0.012861736;0.100689657;0.038119443;0.0546875;0.084699452;0.067028984;0;0.026378896;0.080321282;-0.003164557;0.020491803;-0.007751938;-0.005586592;-0.010752688;0.010954617;0;0.007320644;0.028550828
2000-06-05;0.016559338;-0.021786492;-0.003521127;0;0.016290726;-0.037943695;-0.013580247;-0.040302265;-0.032258064;-0.046558704;0.004672897;0.024783147;-0.041269843;0.012048192;-0.0078125;0.020599252;-0.035326086;-0.015479876;-0.018867925;-0.010174419;-0.003636898
2000-06-06;0.007239819;0.006681514;-0.021201413;-0.041269843;0.027127003;0.008905852;-0.023779724;-0.026246719;0.052631579;0.033970278;-0.013953488;-0.044740025;0.019867551;-0.003968254;0.007874016;0.027522936;0.016901409;0.014150944;0.03846154;0.008810572;-0.007920184
2000-06-07;-0.010781671;0.039823011;0;-0.009933775;-0.027010804;0.011349306;-0.02948718;0.040431269;-0.078333333;-0.008213553;-0.002358491;0.021518987;-0.003246753;0.027888447;0;0.008928572;-0.022160664;0.017054264;0.083333336;0;0.011124977
2000-06-08;0.002724796;-0.052127659;-0.018050542;0.003344482;0.011104257;-0.001246883;-0.027741084;-0.044041451;0.02169982;0.01010352;-0.007092198;-0.026022306;0.006514658;-0.005813953;0;0.010619469;0.016997168;0.025914634;0;-0.00727802;-0.005351895
2000-06-09;0.101449274;-0.008978676;0;-0.013333334;0.070164733;0.031210987;0.039402176;0.008130081;0.01238938;0.02079002;-0.014285714;0.048982188;-0.003236246;-0.009746589;0;0.010507881;0.025069637;-0.005943536;0.05982906;-0.017595308;0.00079268
2000-06-12;-0.077302635;-0.010192526;0;-0.003378378;-0.051311288;-0.035108957;-0.006535948;-0.034946237;-0.052447554;-0.006109979;-0.019323671;0.011522135;0.019480519;-0.001968504;-0.0078125;-0.003466205;0.038043477;0.011958146;0.016129032;0.008955223;-0.010838455
2000-06-13;0.040106952;-0.049199086;-0.0125;-0.013559322;0.061298076;-0.00250941;0.009210526;-0.008356546;0.060885608;-0.00409836;0.014778325;0.013189448;0.022292994;-0.00591716;-0.023622047;-0.017391304;-0.018525235;0.038404725;0;0.00591716;0.014760024
2000-06-14;0.026563838;-0.09987966;0.059925094;-0.003436426;-0.071206115;-0.013836478;0.022164276;-0.008426966;-0.020869566;-0.022633744;0.004854369;0;0.012461059;-0.001984127;0.016129032;0.042477876;0;-0.105263159;0.007936508;0.029411765;-0.000919988
2000-06-15;0.012520868;-0.049465239;-0.014134276;0.024137931;0.019356806;0.155612245;0.015306123;0.005665722;-0.014209592;0.029473685;-0.067632847;0.117159761;-0.015384615;-0.041749503;-0.007936508;-0.006791172;0.013368984;-0.019077901;-0.015748031;0.007142857;0.005296477
2000-06-16;0.015663644;0.143459916;0.014336918;0.023569023;0.007177033;0.014348786;0.002512563;-0.005633803;0.005405406;-0.012269938;-0.012953368;-0.041313559;-0.0125;-0.020746889;0.016000001;0.025641026;-0.005277045;-0.034035657;-0.056000002;0.050354611;-0.006846445
2000-06-19;0.036525972;-0.03813038;-0.038869258;0.006578947;0.050475061;0.021762786;0.021303259;0;0.007168459;-0.018633541;0.009186352;0.059668507;-0.053797469;-0.050847456;0.007874016;-0.013333334;-0.039787799;-0.021812081;0.016949153;0.003376097;0.01627971
2000-06-20;0.024275646;0.080562659;0.011029412;-0.019607844;0.036743924;-0.001064963;0.034355827;-0.019830028;0.010676157;0.006329114;-0.009102731;0.01459854;0.030100334;-0.004464286;-0.0078125;-0.006756757;0.027624309;0.02915952;-0.058333334;-0.014804846;-0.002740904
2000-06-21;0.01146789;-0.018934911;-0.018181818;-0.003333333;-0.021264995;0.068230279;0.007117438;0;0.019366197;-0.014675053;-0.036745407;-0.027749229;-0.009740259;0.00896861;0;-0.010204081;-0.010752688;0.011666667;-0.03539823;0.061475411;0.0034985
2000-06-22;-0.052154195;0;-0.007407407;-0.040133778;-0.083565459;-0.001996008;-0.018845702;-0.00867052;-0.010362694;-0.021276595;0.010899182;-0.043340381;0.009836066;0.004444445;0;0.034364261;0.027173912;0.006589786;-0.036697246;-0.001287001;-0.018848145
2000-06-23;-0.03508772;-0.020506635;0;0.012195121;0.006079027;-0.008;-0.00240096;-0.023323616;-0.013961606;0.015217391;0.008086253;-0.019889502;-0.012987013;0.006637168;-0.007874016;0.009966778;-0.007936508;-0.01309329;0.01904762;0.00064433;-0.009256913
2000-06-26;0.004958678;-0.044334974;-0.003731343;0.018932875;0.025981873;-0.008064516;0.030084236;-0.020895522;0.026548672;-0.010706638;0.013368984;0.03382187;-0.02631579;-0.006593407;0.015873017;-0.032894738;0.008;0.049751244;-0.037383176;-0.029362524;0.009956106
2000-06-27;-0.032072369;0.024484536;0.063670412;-0.020270269;-0.043580685;-0.038617887;-0.03271028;-0.015243903;0.034482758;-0.032467533;-0.026385223;-0.038167939;0.027027028;-0.019911505;0;0.023809524;-0.01058201;-0.001579779;0.019417476;0.007323569;-0.005359338
2000-06-28;0.018691588;-0.001257862;0.01056338;0.020689655;0.000615764;0.067653276;-0.015700484;0.043343652;0.018333333;0.022371365;0.013550135;0.020408163;-0.003289474;0.002257336;0.009099999;-0.008305647;-0.01604278;0.012658228;0;0.011235955;0.007551712
2000-06-29;-0.057547957;0.149874061;0.027874565;0.006756757;-0.048;-0.035643563;-0.047852762;0.011869436;-0.008183306;0;-0.034759358;0.002222222;-0.00330033;-0.004504505;-0.031496063;-0.043551087;-0.019021738;-0.0109375;-0.00952381;-0.006535948;-0.006767008
2000-06-30;-0.021238938;-0.017524645;-0.074576274;-0.010067114;0.054298643;0.087268993;0.023195876;-0.043988269;0.008250825;-0.041575491;-0.033240996;-0.042128604;0.009933775;0.05882353;-0.008130081;-0.033274956;0.033240996;0.011058452;0.009615385;-0.002631579;0.007059501
2000-07-03;0.048824593;0.016722407;0.07692308;0.016949153;0.034334764;0.023607176;0.032745592;0.036809817;0.008183306;0.029680366;0.091690548;0.023148147;0;-0.002136752;0.016393442;0.043478262;0.029490616;-0.0296875;0.01904762;0.005277045;0.010175279
2000-07-05;-0.127586201;-0.018640351;-0.013605442;-0.003333333;-0.123295791;-0.021217711;-0.046341464;-0.068047337;-0.00487013;-0.002217295;-0.031496063;-0.022624435;-0.055737704;-0.00856531;0.016129032;0.013888889;-0.0546875;-0.027375201;0.028037382;-0.012467192;-0.016176099
2000-07-06;0.040513836;0.001117318;-0.006896552;0.016722407;0.087897226;-0.010367578;-0.001278772;0.015873017;-0.006525286;0.006666667;-0.024390243;0;0.003472222;-0.010799136;0.007936508;-0.03938356;0.013774104;0.034768213;0.07272727;0.009966778;0.008859856
2000-07-07;0.039886039;-0.017857144;0.020833334;-0.003289474;0.048477314;0.043809526;0.04225352;0.018750001;0.098522164;0.006622517;0.052777778;-0.006944444;0.010380623;0.037117902;-0.023622047;-0.044563279;-0.005434783;0.0208;0.033898305;0.011184211;0.01455517
2000-07-10;0.010958904;0.090909094;0.010204081;0.00660066;-0.026081802;-0.001824818;0.002457002;0.009202454;-0.049327355;0.013157895;-0.015831135;0.00932401;-0.010273973;-0.016842104;-0.008064516;0.024253732;-0.005464481;0.026645768;0.073770493;0.006506181;-0.001452345
2000-07-11;-0.041553751;-0.050000001;0.04040404;0.029508196;-0.046256848;-0.003656307;0.014705882;-0.033434652;0.004716981;0.015151516;-0.024128687;-0.006928407;0.024221454;0.025695931;0;0.040072858;0.008241759;0.027480915;-0.068702288;0.007110537;0.002273373
2000-07-12;0.034872763;0.007675439;-0.022653721;0.038216561;0.054243777;0.027522936;0.001207729;0.194968551;0.009389671;-0.025586354;0.03846154;0;0.060810812;0.016701462;0.008130081;-0.010507881;-0.002724796;0.029717682;-0.213114753;0.005134788;0.013647643
2000-07-13;0.051001821;0.01523395;0.013245033;0.003067485;0.075665861;-0.025;0.131483719;-0.007894737;-0.007751938;-0.004376368;-0.037037037;-0.040697675;0.012738854;-0.01026694;0.016129032;0.003539823;0.013661202;-0.017316017;-0.072916664;0.013409962;0.005819984
2000-07-14;0.048526864;0.003215434;-0.009803922;-0.036697246;0.075407989;-0.005494506;0.031982943;0;0;0.032967035;0.010989011;-0.049696971;0.006289308;-0.016597511;-0.007936508;-0.02292769;-0.002695418;-0.007342144;-0.044943821;0.005671077;0.010106504
2000-07-17;0.038842976;-0.040598292;-0.029702971;0.022222223;0.021978023;0.010128913;0.030991735;0.037135277;-0.0046875;0.038297873;-0.008152174;-0.025510205;-0.009375;-0.014767933;0;-0.171480149;0.005405406;-0.01775148;-0.070588239;0;0.001151885
2000-07-18;-0.048528243;0.003340757;-0.023809524;-0.00310559;-0.021505376;-0.044667274;-0.0250501;-0.023017902;-0.001569859;0.016393442;-0.021917809;0.011780105;0.009463723;0;-0.016000001;-0.02832244;0.010752688;-0.018072288;-0.025316456;-0.00877193;-0.012628762
2000-07-19;-0.022575252;-0.085460596;0.013937282;0.012461059;-0.033490319;0.031488549;-0.022610484;-0.04450262;0;0;-0.002801121;-0.010349289;-0.025;-0.010706638;-0.008130081;-0.026905829;-0.034574468;-0.036809817;0.077922076;0.003160556;-0.011277029
2000-07-20;-0.014542344;0.033980582;-0.013745705;0.052307691;0.024905251;-0.023126734;0.205047324;-0.035616439;0.006289308;0.02016129;0.044943821;0.006535948;-0.012820513;0.023809524;0;0.048387095;-0.005509642;0.044585988;-0.036144577;0.008191557;0.013433819
2000-07-21;-0.076171875;-0.098298125;0.010452962;0.020467836;-0.070258848;-0.026515152;-0.027923211;-0.025568182;-0.0015625;0.003952569;-0.048387095;0.006493506;-0.006493506;0.006342495;0.008196721;-0.037362639;-0.022160664;0.009146341;-0.0125;-0.010625;-0.012312766
2000-07-24;0.016678412;0.05564595;0;0.028653296;-0.039772727;0.007782101;-0.033213645;-0.055393588;-0.005477308;-0.015748031;0.008474576;0.010322581;-0.01633987;-0.054621849;0.016260162;0;-0.036827195;0.003021148;-0.06329114;0.000631712;-0.014073096
2000-07-25;0.00831793;-0.025893958;0.013793103;0.002785515;0.028994083;-0.016409267;-0.051067781;-0.024691358;-0.029110936;0;0.016806724;0.019157087;-0.009966778;-0.106666669;-0.008;-0.020547945;-0.020588236;-0.013554217;-0.013513514;0.007575758;0.006302774
2000-07-26;-0.03024748;-0.003797468;-0.047619049;-0.005555556;-0.097757332;-0.026496565;-0.005870841;-0.003164557;-0.022690438;-0.002;-0.011019284;-0.058897242;-0.006711409;-0.02238806;0.016129032;-0.030303031;0.012012012;0.00610687;-0.05479452;0.002506266;-0.011570601
2000-07-27;-0.168241963;0.143583223;0.046428572;0.022346368;-0.103250481;-0.103830643;0.001968504;-0.022222223;-0.04145937;0.014028057;0.022284122;-0.097203732;0.050675675;-0.043256998;0;0.004807692;-0.026706232;-0.040971167;-0.028985508;-0.005;-0.009928597
2000-07-28;-0.006818182;-0.027777778;0.003412969;0.005464481;0.058990762;-0.064116985;-0.026522594;-0.055194806;0.024221454;0.005928854;0.001743869;-0.04719764;0.006430868;-0.013297873;-0.007936508;-0.004784689;0.024390243;-0.00949367;0.014925373;-0.020100502;-0.02381645
2000-07-31;0.004576659;-0.027428571;-0.017006803;0.016483517;0.054362416;0.008413462;0.009081735;0.054982819;0.013513514;-0.013752456;0.005509642;-0.012383901;-0.019169329;-0.010781671;-0.016000001;0;0;0.03514377;0.014705882;-0.018589744;0.01042863
2000-08-01;-0.072892942;-0.011750882;-0.010380623;-0.008108108;-0.052832592;0.017878426;0.008;0.022801302;0.011666667;0.017928287;0.008219178;-0.037617553;0.019543974;0.008174387;0;0.014423077;0.020833334;-0.00308642;0;0.013716525;0.001244956
2000-08-02;0.027027028;-0.01783591;-0.01048951;0;0.047715053;0.00117096;0.053571429;0.035031848;0.034596376;0.015655577;0.005434783;0.034201954;0.028753994;0.018918918;0.016260162;0.000473934;0.037900876;0.015479876;0.028985508;0.023840206;0.000624323
2000-08-03;0.016746411;0.021791767;0.010600707;0.002724796;0.059653625;-0.040935673;-0.031073445;-0.015384615;0.020700637;0.019267824;0.02972973;0.017322835;0.00621118;-0.00265252;0.048;-0.002386635;-0.016853932;0.00304878;-0.028169014;-0.035242289;0.010433804
2000-08-04;0.042352941;0.029620852;0.020979021;0.005434783;-0.059927359;0.051219512;-0.007774538;0.009375;0.040561624;0.005671077;0.020997375;0.029411765;-0.00308642;0.013297873;0.061068702;0;0.005714286;0.063829787;0;0.011089367;0.009142105
2000-08-07;0.047404062;-0.023302646;0.003424658;0.005405406;0.049581457;0.046403714;0.051909894;0.012383901;0.026986506;0.018796992;0;0.007518797;-0.015479876;0.023622047;0.028776979;0.033492822;-0.005681818;-0.022857143;-0.014492754;0.010322581;0.012457787
2000-08-08;-0.030172413;-0.018556701;0.010238908;0.005376344;0.016564418;0.009977827;0.026070764;-0.021406727;0.001459854;0.009225092;0.007712082;-0.049253732;0.006289308;0.015384615;0.006993007;0.013888889;-0.017142856;-0.010233918;0.029411765;0.003192848;0.001436568
2000-08-09;0.014444444;-0.048019208;-0.010135135;0.002673797;0.013277006;0.008781559;-0.005444646;-0.015625;0.002915452;0.001828154;0.005102041;-0.021978023;0.003125;0.002525253;0.020833334;-0.011415525;0.023255814;0.014771049;0;0.018459579;-0.00472764
2000-08-10;-0.024096385;-0.04035309;-0.003412969;-0.002666667;0.032757595;0.001088139;-0.036496349;0.00952381;-0.002906977;0.005474452;0;-0.036918137;0;0.052896727;-0.013605442;-0.025404157;-0.002840909;0.00727802;0.014285714;-0.0025;-0.009594928
2000-08-11;0.016835017;-0.03285151;0.02739726;0.00802139;0.014994233;-0.025;0.002840909;0.009433962;-0.004373178;0.021778584;0.010152284;-0.011666667;0.003115265;-0.019138755;-0.006896552;0.0521327;0;0.054913294;0;-0.005012531;0.008376244
2000-08-14;0.059602648;-0.080163047;0.013333334;0.00265252;0.028409092;0.016722407;0.026440037;-0.021806853;-0.017569546;0.001776199;-0.007537689;0.008431703;0.024844721;0.007317073;0.006944444;0.011261261;-0.014245015;-0.001369863;0.04225352;-0.002518892;0.0127767
2000-08-15;0.040624999;0.069423929;0;0.015873017;0.024309393;0.033991229;0.000919963;-0.038216561;-0.028315946;0.005319149;-0.025316456;-0.015050167;0.039393939;-0.012106538;0.006896552;0.02895323;0.011560693;0.005486968;0.013513514;0.005050505;-0.003951957
2000-08-16;-0.011011011;0.048342541;-0.009868421;0.013020833;0.03128371;0.027571579;0.016544119;0;-0.007668712;0.001763668;0.015584416;0.008488964;0.005830904;-0.00245098;0.006849315;0.017316017;-0.02;-0.008185538;-0.039999999;0;-0.001326909
2000-08-17;0.030364372;0.036890645;0;0.020565553;0.073221758;0.018575851;0.06329114;0.023178808;-0.054095827;0;0.007672634;0.072390571;0.011594203;-0.004914005;0.027210884;-0.006382979;0.020408163;0.008253095;0.013888889;0.002512563;0.011706431
2000-08-18;0.062868372;-0.038119443;0.009966778;0.020151133;-0.001949318;0.007092198;-0.037414964;0.023462784;-0.042483661;0.00528169;0;0.01255887;0.020057306;0.002469136;0;-0.010706638;-0.025714286;-0.021828104;-0.04109589;-0.006265664;-0.002636803
2000-08-21;-0.048059151;0.010568032;0.003289474;0.012345679;-0.038085938;0.023138832;0.018551236;0.033992093;0.017064847;-0.007005254;-0.005076142;0.049612403;0;-0.007389163;-0.006622517;-0.008658009;-0.002932551;0.0013947;0;0;0.003641315
2000-08-22;0.012621359;0.014379085;0.009836066;0.004878049;0.001015228;-0.024582105;0.014744146;0.058103975;0.006711409;0.001763668;0.005102041;-0.001240768;-0.005617978;-0.004962779;-0.026666667;0.063318774;0.002941177;0.037604459;0;0.003783102;0.000484994
2000-08-23;0.075743049;0;-0.016233766;0.004854369;0.045638945;0;0.047863249;0.011560693;-0.045000002;0.007042253;-0.005076142;0.01775148;0.014124294;0;-0.006849315;-0.004106776;0.008797654;-0.030872483;-0.028571429;0.005025126;0.005122298
2000-08-24;0.062388591;0;0.01650165;0.031400967;-0.015518914;0.002016129;0.017128874;0.022857143;0.008726004;-0.006993007;0.007653061;-0.015988372;-0.019498607;-0.007481297;0.020689655;-0.026804123;0.031976745;0.02631579;-0.029411765;0.020625001;0.003403016
2000-08-25;-0.003355705;-0.020618556;0.006493506;-0.00234192;-0.00591133;-0.007042253;0.023255814;0.036312848;-0.010380623;-0.003521127;-0.002531646;0.022156574;-0.011363637;0.005025126;0.020270269;-0.006355932;0.03943662;-0.006747638;0;0.016533986;-9.20E-05
2000-08-28;-0.037037037;-0.053947367;-0.012903226;-0.002347418;-0.016848365;-0.009118541;0.010188088;0.026954178;0.008741259;0;-0.002538071;-0.03468208;-0.005747126;-0.02;0.026490066;0.006396588;0;0.002717391;-0.015151516;-0.002409639;0.004902768
2000-08-29;-0.001748252;-0.006954103;-0.029411765;-0.009411764;0.001008064;0.020449897;-0.027928626;0.031496063;-0.025996534;0;0.010178117;0.01497006;-0.00867052;0.005102041;0.006451613;-0.016949153;-0.005420054;0.017615177;0;-0.004227053;-0.000723573
2000-08-30;0.009632224;-0.011204482;0;-0.002375297;-0.027190333;0.0501002;-0.021548284;0.068702288;0.044483986;0.005300353;-0.002518892;-0.025073746;0.006085131;-0.030456852;-0.012820513;0.010775862;0;-0.027962716;0;0.004244997;-0.000819318
2000-08-31;0.080659151;0.024079321;0.01010101;0.004761905;0.073498964;-0.022900764;0.019575857;-0.014285714;-0.001703577;0.008787346;0.014520202;0.001512859;-0.011627907;-0.039267015;0.019480519;-0.012793177;-0.008174387;0.036986303;-0.015384615;-0.006642512;0.011915063
2000-09-01;-0.002407705;0.041493777;-0.006666667;-0.002369668;-0.045805208;0.040039063;0.0416;0.004830918;0.029010238;0.00174216;0.010578718;0.018126888;0.002941177;0.021798365;0;0.015118791;0.013736264;0.022457067;0.015625;0.005471125;0.004760833
2000-09-05;-0.030772325;-0.014608234;0.006711409;0.002375297;-0.044972207;-0.001877934;0.032258064;-0.03846154;-0.001658375;0.013913044;-0.000615764;-0.007418398;0.002932551;-0.008;0.006369427;0.04255319;0.005420054;-0.032299742;-0.046153847;-0.017533252;-0.009115027
2000-09-06;-0.06370616;-0.049528301;0.016666668;0.004739337;-0.056084655;-0.020696143;-0.017857144;0;-0.018272426;0.010291595;0.003696858;-0.061285499;0.00877193;0.026881721;-0.018987341;0.024489796;0.024258761;-0.020026702;0.032258064;-0.048615385;-0.012179043
2000-09-07;0.054964539;0.042183623;-0.045901638;-0.002358491;0.042600896;0.00192123;0.017424243;-0.0175;0.018612521;0;0.004297115;-0.025477707;0.020289855;-0.02617801;-0.025806451;-0.063745022;0.005263158;0.014986376;0;-0.001293661;0.007539685
2000-09-08;-0.049579833;-0.034013607;-0.006872852;0.016548464;-0.06666667;-0.030680729;-0.025316456;-0.053435113;-0.036544852;0.022071308;0.004889976;-0.03267974;-0.002840909;-0.005376344;-0.006622517;-0.008510638;-0.013089005;-0.016107382;0;-0.001943005;-0.008680963
2000-09-11;-0.03183024;0.036619719;0.010380623;0.039534885;0.005760369;0.028684471;-0.026737968;-0.051075269;0.003448276;0.043189369;0.008515815;-0.025337838;0;0.005405406;0.02;-0.023605151;0.026525199;0.021828104;-0.015625;-0.001297859;-0.004671646
2000-09-12;-0.048401825;0.080163047;-0.010273973;0.004474273;-0.038946163;-0.022115385;-0.04945055;0.042492919;0.027491409;-0.012738854;0.001809409;-0.084922008;0.008547009;0.002688172;-0.013071896;0.002197802;0.028423773;-0.010680908;0;-0.016244315;-0.005188441
2000-09-13;0.001919386;-0.020125786;0.005536332;0.006681514;0.029797377;-0.02851524;-0.042113956;0.019021738;0.04180602;-0.00483871;-0.001806141;-0.003787879;0;-0.010723861;0;0.015350877;0.023517588;0;0;0.00330251;0.003393673
2000-09-14;0.003831418;0.023106547;-0.055363324;-0.002212389;-0.016203703;0.004048583;0.058620691;0;-0.025682183;-0.00343598;0.006031363;0.089353614;0.008474576;0.002710027;-0.019867551;-0.025917927;-0.004926108;-0.009446694;-0.015873017;0.017774852;0.001176889
2000-09-15;-0.063931301;-0.023839397;-0.025641026;0.011086474;-0.02;-0.03125;0.010586319;-0.045333333;0.021416804;0.018092105;-0.011990407;-0.015706806;0.036414567;-0.010810811;0.006756757;-0.022172948;0.044554457;-0.012261581;-0.016129032;-0.007761966;-0.011244563
2000-09-18;-0.031600408;-0.057840616;-0.02631579;-0.01754386;-0.044417769;-0.037460979;-0.044319097;-0.061452515;-0.031854838;-0.012924071;-0.038834952;-0.058510639;0.027027028;0;-0.013422819;-0.013605442;-0.009478673;-0.00137931;-0.032786883;0;-0.018339826
2000-09-19;0.055789474;0.081855386;-0.007722008;-0.008928572;0.054020099;0.018378379;0.042158514;0.0625;0.002915452;-0.040916529;0.02020202;0.001883239;-0.010526316;0;0.006802721;-0.020689655;-0.038277511;0.01519337;-0.050847456;0.056062583;0.012559544
2000-09-20;-0.011964108;0.008827238;0.011673152;-0.022522522;0.065554231;-0.020169852;0.065533981;-0.042016808;0.006644518;-0.017064847;0;0.033834588;0;0.010928961;0.006756757;0;-0.044776119;0.008163265;-0.107142858;0.019753087;-0.00470478
2000-09-21;-0.063572146;-0.039999999;-0.023076924;-0.032258064;-0.027964206;-0.007583966;0.00531511;0.020467836;0.01980198;-0.015625;-0.002475247;-0.005454545;-0.010638298;-0.010810811;-0.006711409;0.002347418;-0.0234375;-0.004048583;0.02;0.000605327;-0.005535143
2000-09-22;0.005387931;0.024739584;0.019685039;0.033333335;-0.035673186;-0.028384279;-0.046827793;0.014326648;0.012944984;0.021164021;0.007444169;-0.034734916;-0.061827958;0;0;0.030444965;-0.034666665;0;0.05882353;0.010284332;0.004120272
2000-09-25;-0.038585208;0.03303685;-0.03088803;0.011520738;-0.118138425;-0.01235955;0.005546751;0.01977401;0.020766772;-0.01208981;0.004926108;0;-0.034383953;0.040983606;-0.006756757;-0.013636364;-0.016574586;-0.012195121;-0.074074075;-0.020359281;-0.004995433
2000-09-26;0.001114827;-0.020910209;0.007968128;0;0.035182681;-0.005688282;-0.016548464;-0.016620498;-0.010954617;0.020979021;-0.004901961;-0.018939395;0.032640949;0;0.020408163;-0.016129032;-0.008426966;-0.020576132;0;-0.019559903;-0.009163743
2000-09-27;-0.003340757;-0.005025126;0.003952569;0.011389522;0.006535948;-0.0194508;-0.03125;-0.047887325;0.00949367;0.025684932;0.01231527;0.007722008;0;0.002624672;0.014666667;0.030444965;-0.002832861;-0.021008404;0.119999997;0.01371571;-0.002181693
2000-09-28;0.013407821;-0.395202011;0.015748031;0.022522522;0.046753246;0.03033839;-0.034739453;0.065088756;0.029780565;0.005008347;0.036496349;0.024904214;0.002873563;0.099476442;0.006711409;0.043181818;-0.022727273;0.022889843;0.125;0.008610087;0.022976765
2000-09-29;-0.051819183;-0.031315241;0.007751938;0.017621145;-0.052109182;0.031710081;-0.050556984;0.005555556;-0.02435312;0.014950166;-0.014084507;0.074766353;0.022922637;0.033333335;-0.006666667;0.013071896;0.029069768;-0.015384615;0.015873017;-0.015853658;-0.012460285
2000-10-02;-0.024418605;0.030172413;-0.007692308;-0.023809524;-0.027486911;-0.004390779;0.018050542;0.016574586;0.007800312;0.004909984;-0.023809524;0.003478261;0.039215688;0.016129032;0;0.004301075;-0.002824859;-0.014204546;-0.015625;-0.01425031;-0.00603322
2000-10-03;-0.069129914;-0.008368201;0.023255814;0.011086474;0;-0.018743109;-0.007978723;-0.081521742;-0.021671826;-0.004885993;-0.002439024;-0.048526864;0;-0.020408163;0;0.02783726;-0.019830028;-0.014409222;0.031746034;0.006913891;-0.012131786
2000-10-04;0.047375161;0.056962024;0.045454547;-0.010964912;0.099596232;0.029213483;0.029490616;0.041420117;0.03164557;-0.031096563;0.017114915;-0.003642987;-0.045822103;0.013888889;0.006711409;0.0625;-0.005780347;0.00877193;0;-0.015605493;0.006525889
2000-10-05;0.001222494;-0.027944112;0.007246377;0.002217295;-0.062423501;-0.008733625;-0.038194444;-0.017045455;0.006134969;-0.006756757;0;-0.025594151;-0.028248588;0.006849315;-0.02;-0.019607844;0;-0.01594203;0;-0.006975269;-0.001122166
2000-10-06;-0.054945055;-0.026694044;-0.007194245;0.004424779;-0.074412532;-0.013215859;-0.026173284;-0.03468208;-0.019817073;0.022108844;-0.007211538;0.011257036;-0.002906977;-0.006802721;0.006802721;-0.016000001;-0.008720931;0.025036819;-0.030769231;0.004469987;-0.021709789
2000-10-09;-0.007751938;-0.012658228;0.021739131;-0.011013215;-0.077574044;-0.005580357;-0.040778499;0.050898202;0.00777605;-0.001663893;-0.053268764;-0.038961038;-0.002915452;0.01369863;-0.027027028;-0.006097561;-0.002932551;0.01867816;0.015873017;0.017164653;-0.003156943
2000-10-10;-0.09375;-0.044871796;0.021276595;-0.013363029;-0.270642191;-0.047138046;-0.018357487;-0.008547009;0.00154321;0.050000001;-0.053708442;-0.050193049;0.020467836;0.018018018;0.013888889;-0.024539877;0.041176472;0.029619182;-0.203125;0.021875;-0.014081773
2000-10-11;0.027298851;0.668903828;-0.034722224;-0.004514673;0.029350106;0.055359244;0.023622047;-0.08908046;-0.012326657;-0.00952381;-0.027027028;0.05284553;0.003581662;0.015486726;-0.006849315;-0.01048218;-0.008474576;0.042465754;-0.039215688;-0.005504587;-0.016888695
2000-10-12;-0.004195804;-0.060321715;-0.035971224;-0.01814059;-0.083503053;-0.069196425;-0.025961539;-0.056782335;-0.043681748;-0.012820513;-0.029166667;-0.086872585;0.002141328;-0.052287582;-0.006896552;-0.019067796;0.014245015;-0.070959263;0;-0.035670355;-0.02735805
2000-10-13;0.10674157;-0.034236804;0.01119403;0.009237875;0.171111107;0.116306953;0.066140175;0.103678927;0.024469821;0.017857144;0.058655221;0.057082452;-0.028490029;0.043678161;0;-0.038876891;-0.016853932;-0.065063648;0.040816326;-0.019132653;0.038590331
2000-10-16;-0.017766498;0.050221566;0.018450184;-0.006864989;-0.015180266;0.011815253;0.039814815;-0.015151516;0.033439491;0.014354067;-0.013513514;-0.004;-0.023460411;0.048458152;-0.006944444;0.042696629;0.005714286;0.040847201;-0.039215688;-0.00260078;0.002306748
2000-10-17;-0.067183465;0.00140647;-0.018115941;-0.013824885;-0.063583814;-0.006369427;-0.040071238;-0.126153842;-0.020030817;0.006289308;-0.01369863;-0.078313254;0;-0.021008404;-0.013986014;-0.030172413;0;0.013081395;-0.040816326;0.019556714;-0.019722918
2000-10-18;-0.011080332;0.021067416;0.011070111;0.004672897;0.139917701;-0.022435898;0.059369203;-0.112676054;0.014150944;-0.020312499;-0.022222223;-0.026143791;0.018018018;0.008583691;0.007092198;-0.006666667;0.019886363;0.063127689;-0.04255319;-0.040281329;-0.008656753
2000-10-19;0.140056029;0.056396149;0.040145986;0.011627907;0.185469314;0.13879782;0.105954468;0.142857149;0.017054264;0;0.039772727;0.082774051;-0.008849557;-0.00212766;0;-0.013422819;0.005571031;0.012145749;0.044444446;0.00266489;0.036954537
2000-10-20;0.034398034;-0.012044271;0;-0.004597701;-0.045298818;-0.000959693;0.070467144;0.055555556;-0.016768293;-0.03508772;-0.008196721;0.260330588;0;-0.004264392;-0.02112676;-0.020408163;-0.036011081;-0.048;-0.021276595;-0.008637873;0.009776709
2000-10-23;0.016627079;-0.033937398;0.007017544;-0.002309469;0.009569378;0.039385207;-0.035502959;0.013157895;-0.007751938;0.036363635;0.013774104;-0.029508196;0.026785715;0.02783726;0.028776979;-0.006944444;-0.045977011;0.018207284;0;-0.002680965;0.000133942
2000-10-24;-0.056074765;0.047748975;0.024390243;-0.023148147;-0.105845183;-0.020332716;-0.009969325;-0.029220778;0.009375;0.014354067;0.010869565;-0.015202703;-0.011594203;-0.002083333;0.027972028;0.020979021;0.024096385;-0.015130674;0;0.010080645;-0.001184384
2000-10-25;-0.108910888;-0.0390625;0.010204081;0;-0.086572438;-0.056603774;-0.093725793;-0.033444814;0.007739938;-0.020440252;0.002688172;0.022298457;0.002932551;-0.091858037;0.006802721;-0.015981736;0.011764706;-0.022346368;-0.086956523;-0.005988024;-0.027093064
2000-10-26;0.100000001;0.078590788;0.02020202;-0.002369668;0.125725344;0.012;-0.029059829;0.017301038;0.007680492;-0.006420546;0.013404826;-0.021812081;-0.020467836;-0.036781609;0.006756757;0.018561484;-0.002906977;0.034285713;-0.023809524;0.00334672;0.000445109
2000-10-27;0.02020202;0.005025126;-0.00660066;0.026128266;-0.027491409;-0.006916996;0.000880282;0.037414964;-0.030487806;0.019386107;0.01058201;0.111492284;-0.017910447;0.023866348;0;-0.006833713;-0.005830904;-0.024861878;0.024390243;0.003335557;0.008499015
2000-10-30;0.014851485;-0.029999999;0.036544852;0.011574074;0.045936394;0.010945274;-0.036059808;-0.016393442;0.047169812;0.026941363;0.0226178;0.007716049;-0.012158055;0.00932401;0.013422819;0.105504587;-0.064516127;0.066572241;0;0.017952127;0.007152011
2000-10-31;0.139024392;-0.042525772;0.070512824;0.034642033;0.106418923;0.011811024;0.049270075;0.026666667;0.073573574;0.010802469;-0.002590674;0.113323122;0.033846155;0.053117782;0.006622517;-0.002074689;-0.012539185;-0.007968128;-0.023809524;0.021554539;0.028036701
2000-11-01;-0.143468946;0.026917901;-0.032934133;-0.002232143;-0.204580158;0.004863813;-0.003478261;0.012987013;-0.002797203;0.022900764;0.002597403;-0.033012379;0.011904762;-0.015350877;0.019736841;-0.043243244;0.01904762;-0.00669344;0.048780486;0.01342711;-0.00445366
2000-11-02;0.075000003;0.027522936;0.009287925;0.008948546;-0.001919386;0.005808325;0.012216405;0.028846154;0.009817672;0.007462686;0.010362694;0.001422475;0.011764706;-0.006681514;0.025806451;0;0.026479751;0.022911051;0.069767445;0.013249211;0.009875231
2000-11-03;-0.030232558;-0.00127551;0.033742331;0.002217295;0.005769231;0.000962464;-0.020689655;-0.012461059;0.040277779;-0.001481481;0;0.038352273;-0.002906977;0.011210762;-0.012578616;0.026258206;-0.016691957;0.055335969;0.217391297;0.00249066;0.000310655
2000-11-06;-0.007194245;0.014048532;-0.014836796;-0.013274336;0.019120459;-0.013461539;-0.016725352;-0.003154574;-0.001335114;-0.008902078;0.012820513;-0.023255814;0;-0.017738359;-0.012738854;0.002132196;-0.018518519;-0.003745318;0.089285716;0;0.001265618
2000-11-07;-0.089371979;0.012594459;-0.009036144;-0.002242153;-0.086303942;-0.00877193;-0.068934649;0.015822785;0.006684492;-0.001497006;-0.003164557;-0.015406162;-0.011661808;0;0.006451613;0.014893617;0.006289308;-0.006265664;-0.098360658;-0.001242236;-0.000805837
2000-11-08;-0.066312999;-0.02238806;-0.009118541;0.017977528;-0.065708421;0.008849557;-0.081730768;-0.037383176;-0.047808766;0.008995502;0.003174603;-0.038406827;-0.01179941;-0.013544018;-0.006410256;0.006289308;0;-0.013871375;-0.127272725;0;-0.018845698
2000-11-09;-0.045454547;0.005089059;-0.027607363;-0.024282562;0.017582418;-0.027290449;-0.070157066;-0.029126214;0;-0.002971768;0;-0.065088756;0.011940299;-0.029748283;-0.006451613;-0.016666668;0.015625;0.001278772;-0.020833334;0.003731343;-0.009639303
2000-11-10;-0.035714287;-0.030379746;-0.025236594;0.022624435;-0.066954643;-0.032064129;-0.013513514;-0.07333333;-0.006973501;0;-0.025316456;-0.026898734;0.005899705;0.009433962;-0.012987013;-0.019067796;-0.012307692;-0.03192848;-0.021276595;0.026022306;-0.026191229
2000-11-13;0.055555556;-0.063968666;0.019417476;-0.015486726;0.046296295;-0.00931677;0.08219178;-0.010791367;-0.002808989;-0.004470939;-0.033766232;0.011382114;0;0.009345794;0;0.008639309;0.021806853;-0.002638523;0;-0.022946861;-0.01317915
2000-11-14;0.01754386;0.037656903;0.012698413;0.011235955;0.119469024;0.036572624;0.055907171;0.061818182;0.060563382;-0.031437125;0.005376344;0.049839228;0.008797654;0;0.013157895;0.012847966;-0.024390243;0.033068784;0;-0.001236094;0.025991974
2000-11-15;0.022988506;-0.059139784;0.025078369;0.002222222;0.031620555;0.04233871;0.032967035;-0.006849315;0.01062417;-0.00309119;0.002673797;-0.010719755;-0.002906977;-0.002314815;-0.006493506;0.031712472;0.003125;0.030729834;-0.021739131;0.006188119;0.005656943
2000-11-16;-0.064606741;-0.008571428;-0.012232416;-0.00886918;-0.078544058;-0.020309478;-0.051257253;-0.086206898;-0.027595269;-0.007751938;-0.002666667;-0.004643963;0.03206997;-0.006960557;0;-0.030737706;-0.009345794;-0.004968944;0.044444446;-0.003690037;-0.016315943
2000-11-17;-0.003003003;0.05331412;-0.012383901;0.011185682;0.01039501;-0.001974334;0.03465851;0.00754717;0.036486488;0.03125;-0.010695187;0.02021773;-0.028248588;-0.021028038;0;-0.00422833;-0.003144654;0.016229713;-0.021276595;-0.00308642;-0.004689025
2000-11-20;0.006024096;-0.039671682;-0.018808777;0.002212389;-0.008230452;-0.067260139;-0.054187194;-0.056179777;0.040417209;0.006060606;-0.018918918;-0.018292682;-0.002906977;-0.016706444;-0.006535948;-0.042462844;0.02208202;-0.05896806;-0.043478262;-0.019195046;-0.023601599
2000-11-21;-0.047904193;-0.074074075;-0.006389776;-0.006622517;-0.058091287;0.019088017;-0.022916667;-0.027777778;-0.04887218;-0.018072288;0.011019284;0.051242236;0.008746356;0.009708738;0;0.01330377;0.030864198;0.003916449;0.06818182;0;0.000325524
2000-11-22;-0.062893085;0.109230772;-0.012861736;-0.015555556;0.004405286;-0.009365245;-0.026652452;-0.085714288;0.026350461;0.004601227;0.008174387;-0.007385524;-0.002890173;0.007211538;-0.006578947;0;0.008982036;-0.009102731;-0.021276595;-0.05050505;-0.020488501
2000-11-24;0.093120806;0.015256588;0.013029316;0.004514673;0.094298244;-0.115546219;0.061336253;0.129464284;-0.014120667;0;0.013513514;0.019345239;0.026086956;0.00477327;0.026490066;0.008752735;0.005934718;0.049868766;0.021739131;-0.005984043;0.020791752
2000-11-27;-0.063699156;-0.017759563;-0.009646302;0.02247191;-0.124248497;0.14489311;0.02373581;-0.015810277;-0.061197918;-0.013740458;0.005333333;0.035036497;0.025423728;0.009501188;-0.006451613;-0.026030369;0.020648967;0.00125;-0.04255319;0.03277592;0.003520403
2000-11-28;-0.081967212;-0.057023644;-0.032467533;0.002197802;-0.051487416;-0.067427389;-0.029233871;-0.090361446;-0.011789181;0.001547988;0.018567638;-0.074753173;0.008264462;-0.018823529;0.012987013;0;-0.01734104;-0.028714107;0;-0.01619171;-0.016561467
2000-11-29;0.003571429;-0.008849557;0.020134227;0.032894738;0.001206273;0.0189099;0.005192108;-0.006622517;0.021403508;0.030911902;0.017578125;-0.00152439;-0.018987104;0.069544367;0.03846154;0.035634745;0.01764706;-0.001285347;-0.088888891;-0.001974984;0.000979378
2000-11-30;-0.053380784;0.081845239;0.03618421;0.050955415;-0.077108435;-0.067685589;-0.138429746;-0.075555556;0.001717623;0.00149925;0.015994882;-0.021374045;0.025139665;-0.024663677;-0.00617284;0.023655914;0.023121387;-0.033462033;-0.024390243;-0.019129287;-0.019158235
2000-12-01;0.022556391;-0.0261348;0.057142857;0;0.086161882;0.019906323;0.128297359;0.057692308;-0.028806584;0.001497006;0.020151133;0.012480499;-0.029972753;0.016091954;-0.024844721;0.027310925;0.02259887;-0.017310252;-0.025;-0.015467384;0.005793195
2000-12-04;0.029411765;-0.011299435;0.003003003;0.014141414;0.057692308;-0.032146957;-0.04463337;-0.090909094;0.014124294;0.016442452;-0.002469136;-0.004622496;0.033707865;-0.040723983;0.006369427;0.044989776;0.033149172;0.025745258;0;-0.036885247;0.003756857
2000-12-05;0.042857144;0.141428575;0.008982036;-0.007968128;0.095454544;0.024911031;0.061179087;-0.119999997;0.030640669;0.014705882;0.012376238;0.052631579;-0.005434783;-0.066037737;0.006329114;0;-0.021390375;0.063408189;0;-0.015602837;0.045041922
2000-12-06;-0.034246575;-0.021276595;-0.023738872;-0.036144577;-0.097510375;0.001157407;0.053459119;0.045454547;-0.005405406;-0.010144928;0.022004889;0.010294118;-0.00273224;-0.045454547;-0.018867925;-0.015655577;-0.030054646;-0.026086956;0.025641026;0.025216138;-0.016587818
2000-12-07;-0.060283687;-0.060102303;-0.027355623;0.00625;-0.002298851;0.011560693;0.024875622;0.086956523;0.017663043;-0.008784773;0.004784689;-0.045123726;-0.005479452;0.01058201;0.032051284;-0.029821074;0.014084507;-0.016581632;0;-0.014757554;-0.005907515
2000-12-08;0.177358493;0.051700681;0.0125;0.049689442;0.082949311;0.038857143;0.048543688;0.119999997;0.001335114;-0.023633678;0.040476192;-0.109756097;0.016528925;0.047120418;0.043478262;0.022540983;0.03888889;0.019455252;0.050000001;0.026390871;0.028209243
2000-12-11;0.064102568;0.005174644;-0.015432099;0.01183432;0.010638298;0.038503852;0.029629629;0.044642858;-0.059999999;-0.004538578;0.022883296;-0.02739726;-0.013550135;-0.005;-0.005952381;0.01002004;-0.00802139;-0.036895674;0.023809524;0.022932593;0.011773431
2000-12-12;-0.099397592;-0.007722008;-0.028213166;-0.025341131;-0.063157894;-0.046610169;-0.084532373;-0.047008548;0.019858155;0.007598784;-0.035794184;0.001760563;-0.01923077;-0.002512563;0;-0.035714287;0.002695418;-0.014531043;0;-0.003396739;-0.010728343
2000-12-13;-0.046822742;-0.023346303;-0.014193548;0.02;-0.047191013;-0.025555555;-0.078585461;0.004484305;-0.019471489;0.009049774;-0.020881671;-0.100175746;0.002801121;0;0.023952097;-0.018518519;-0.013766452;-0.008042895;-0.023255814;-0.034083162;-0.011281985
2000-12-14;-0.031578947;-0.009296149;-0.009868421;0;-0.049528301;-0.033067275;-0.023454158;-0.066964284;-0.011347517;-0.012137518;-0.028436018;0.08203125;0;-0.010075566;0.03508772;0.002096436;0.00273224;-0.012162162;-0.047619049;-0.020465773;-0.016721027
2000-12-15;-0.003623188;0.017426273;-0.046511628;-0.003921569;0.00248139;-0.16273585;-0.062227074;-0.033492822;-0.038737446;-0.003058104;-0.007317073;-0.052346569;0;-0.022900764;0.011299435;-0.029288704;-0.021798365;0.035567716;0;-0.048991356;-0.017997187
2000-12-18;0.007272727;-0.025032938;-0.003484321;0.011811024;0.034653466;-0.033802819;-0.003492433;-0.004950495;0.040298507;0.012269938;0.140049145;-0.001904762;0.041899443;0.005208333;-0.027932961;0.036637932;0.022284122;0.018494055;-0.025;0.013636364;0.005329054
2000-12-19;-0.02166065;0.025675675;0.017482517;0.042801555;-0.045454547;-0.072886296;-0.014018691;-0.069651738;0.035868004;0.022727273;0.032327585;0.051526718;-0.010723861;0.007772021;0.022988506;0.060291059;-0.013623978;0;0;0.033632286;-0.015781371
2000-12-20;-0.033210333;-0.09354414;-0.020618556;0;-0.012531328;-0.146226421;-0.118483409;-0.064171121;-0.024930747;0.031111112;-0.002087683;-0.098003633;-0.005420054;0;0.005617978;0.003921569;0.011049724;0.001297017;0;-0.054229934;-0.035209239
2000-12-21;-0.030534351;0.010174419;0.045614034;0.02238806;0.02284264;-0.014732965;0.004032258;-0.034285713;0.021306818;0.02586207;-0.014644352;0.058350101;0.021798365;0.035989717;0.005586592;0.05078125;0.010928961;0.005181347;-0.102564104;0.027522936;0.005546319
2000-12-22;0.129921257;0.106474817;0.016778523;0.01459854;0.094292805;0.026168223;0.092369474;0.124260359;0.006954103;0.012605042;0.023354564;0.062737644;0.029333333;-0.007444169;-0.027777778;0.027881041;0.054054055;0.018041236;-0.028571429;0.041666668;0.030076135
2000-12-26;-0.010452962;-0.022106633;0.01650165;0.026978416;-0.043083899;-0.009107468;-0.025735294;-0.010526316;-0.005524862;0.051175658;0.010373444;-0.037567083;0.051813472;-0.025;-0.005714286;0.028933093;0.07692308;0.032911394;-0.05882353;0.013571428;0.005628031
2000-12-27;-0.04225352;-0.001329787;0.035714287;0.047285464;0.061611373;0.007352941;0.072955973;-0.617021263;-0.016666668;-0.00131579;-0.006160164;0.014869888;-0.039408866;0.010256411;-0.005156782;0.022847101;-0.047619049;0.05882353;-0.0625;0.013389711;0.013930938
2000-12-28;0.069852941;0;0.037617553;0.003344482;0.044642858;0.038321167;0.028135991;-0.083333336;0.002824859;-0.001317523;0.012396694;0.07692308;0.030769231;0.005076142;0.03508772;0.005154639;0.025;0.030092593;-0.033333335;-0.009735744;0.009341889
2000-12-29;0.010309278;0;-0.01510574;-0.02;-0.100427352;0.101933219;-0.010262257;0.015151516;-0.002816901;0.017150396;-0.008163265;-0.020408163;0.012437811;0.045454547;0.039548021;-0.006837607;0.002439024;-0.02247191;0.310344815;-0.005617978;-0.011422865
2001-01-02;-0.030612245;-0.046604529;-0.033742331;-0.017006803;-0.028503563;-0.022328548;-0.086405531;0;-0.049435027;-0.054474708;-0.020576132;-0.116319448;-0.00982801;-0.038647342;0;-0.018932875;-0.041362531;-0.043678161;0.105263159;-0.038841806;-0.034025427
2001-01-03;0.13333334;0.005586592;0.00952381;-0.017301038;0.251833737;0.026101142;0.138713747;0.179104477;0.028231798;-0.052126199;0.016806724;0.094302557;-0.029776676;0.040201005;-0.032608695;0.007017544;-0.02284264;0.018028846;0.095238097;0.039676707;0.052735258
2001-01-04;0.027863776;0.019444445;0.044025157;-0.00528169;-0.076171875;0.04292528;0.013289036;0.025316456;-0.049132947;-0.043415342;0.03305785;-0.025134649;-0.040920716;0.002415459;-0.033707865;0.012195121;-0.054545455;-0.017709563;0.108695649;-0.010600707;-0.011957414
2001-01-05;-0.021084337;-0.057220709;0.003012048;-0.026548672;-0.00845666;-0.083841465;-0.048087433;-0.061728396;0.015197569;0.018154312;-0.028000001;-0.071823202;0.013333334;-0.024096385;-0.005813953;-0.055077452;0.013736264;0.006009615;-0.117647059;-0.014285714;-0.028767809
2001-01-08;-0.018461538;0.018786127;0.003003003;-0.02;0.002132196;0.041597337;-0.017221585;0.092105262;0.016467066;0.078751855;-0.00617284;-0.003968254;-0.005263158;-0.032098766;0.011695907;0.027322404;-0.005420054;-0.029868579;0.06666667;-0.038405798;-0.003267881
2001-01-09;0.021943573;0.026950354;-0.035928145;0.022263451;-0.017021276;-0.012779552;0.004672897;0.090361446;-0.016200295;-0.019283747;0.002070393;0.085657373;-0.018518519;-0.099489793;0.011560693;-0.039007094;-0.016348774;-0.002463054;0.145833328;-0.013564431;0.005002229
2001-01-10;0.049079753;0.027624309;0;0.010889292;0.08658009;0.064724922;0.001162791;0.132596686;0.053892214;-0.008426966;0;0.044036698;-0.024258761;0.070821531;-0.017142856;0.012915129;0;-0.002469136;0;-0.011459129;0.01385094
2001-01-11;0.087719299;-0.00672043;-0.00621118;-0.004039497;0.093625501;0.068389058;0.116144016;0.151219517;0.007102273;-0.063739374;0.010330578;0.100175746;0.022099448;-0.031746034;-0.017441861;-0.02550091;0.038781162;0.050742574;0.109090909;0.023956724;0.014496917
2001-01-12;-0.010752688;0;-0.00625;0.000450653;-0.065573767;0.031294454;0.016649324;0.06779661;0.009873061;0.004538578;-0.020449897;-0.04313099;0.021621622;-0.005464481;-0.01775148;-0.005607476;0.005333333;-0.028268551;0.016393442;-0.021132076;-0.003665118
2001-01-16;-0.032608695;0.01759134;0.044025157;0.001801802;-0.068226121;0.026206896;-0.003070624;0.007936508;0.001396648;-0.010542168;0.029227557;-0.020033389;-0.002645503;0.054945055;0.006024096;0.02443609;0;-0.035151515;0;-0.01233616;0.006509059
2001-01-17;0.067415729;0;0.015060241;-0.003597122;0.043933053;0.025537634;0.060574949;-0.023622047;0;0.00761035;0.038539555;0.071550258;-0.00530504;-0.015625;-0.005988024;0.005504587;-0.02917772;-0.055276383;0;0.040593285;0.00418917
2001-01-18;0.042105265;0.097074471;-0.017804155;-0.001805054;0.034068137;0.01965924;0.082284607;0.040322579;0.013947002;0.004531722;-0.0234375;0.00317965;-0.024;-0.007936508;-0.042168673;-0.001824818;-0.046448089;0.038563829;-0.016129032;0.024006002;0.012056272
2001-01-19;-0.015151516;-0.049696971;0.01510574;-0.007233273;-0.075581394;0.025706941;0.002683363;0.023255814;0.019257221;0.031578947;-0.01;0.022187004;0.005464481;-0.021333333;0.03773585;-0.012797075;0.00286533;-0.002560819;-0.049180329;0.017582418;-0.00434401
2001-01-22;-0.012820513;0.00255102;0.002976191;-0.005464481;-0.029350106;-0.033834588;-0.002676182;0;-0.022941971;0.013119534;0.018181818;0;0.010869565;-0.002724796;0.006060606;-0.009259259;0.027857404;0.006418485;0;0.028797695;0.000306563
2001-01-23;0;0.043256998;-0.002967359;0.010989011;0.049676027;-0.024643321;0.050089445;0.015151516;0.024861878;0.02733813;0.023809524;0.012403101;0.01344086;0.024590164;0.030120483;0.013084112;0.017372917;0.025510205;-0.068965517;0.00419874;0.01578347
2001-01-24;0.01038961;-0.035365853;-0.005952381;0.019927537;0.020576132;0.022606382;-0.024701875;-0.055970151;-0.064690024;0.00140056;-0.003875969;-0.030627871;0;0.024;-0.01754386;-0.005535055;-0.010928961;0.028606964;0.129629627;-0.009756098;0.003367575
2001-01-25;-0.038560413;-0.074589126;0.017964073;0.015985791;-0.04233871;-0.018205462;-0.069868997;-0.083003953;-0.0129683;0.015384615;0.005836576;0.132701427;0.01591512;-0.049479168;0.005952381;0.027829314;0.024861878;-0.007255139;0;0.021815622;-0.007486505
2001-01-26;-0.021390375;-0.00136612;-0.01764706;0.034965035;-0.018947368;-0.00397351;0.02910798;0.099137932;0.065693431;-0.024793388;0.032882012;0.036262203;0.020887729;0.021917809;0.01183432;-0.025270758;0.018867925;0;0.016393442;-0.005509642;-0.000909803
2001-01-29;0.030054646;-0.009575923;0.008383197;0.018581081;0.010729614;0.005319149;0.055474497;0.027450981;0.079452053;0.025988735;0.016853932;0.052382212;-0.010537072;0.003753335;0.000233879;-0.034666613;-0.003597845;0.005602893;-0.016774209;-0.006648182;0.008976175
2001-01-30;0.034482758;-0.01519337;0.033729263;0.009950249;-0.019108281;0.027089922;-0.016597573;-0.030534351;-0.010152284;0.004184992;-0.01723757;0.028647464;-0.007444181;-0.025213683;0.038353678;0.080110393;0.004672842;0.022093086;-0.015748017;0.017289408;0.006564369
2001-01-31;0.064102568;-0.004207574;0.0363051;0;0.047619049;-0.002678699;-0.071026661;-0.047244094;0.024358975;0.000877405;0.028355388;-0.059080988;-0.029166698;0.01490575;-0.034234244;0.020176269;-0.015644776;-0.017823329;0.023999978;-0.001096475;-0.006765225
2001-02-01;0.012048192;-0.043661971;0.004434607;0.014778325;0.0392562;0.013429704;0.133989379;-0.016528925;-0.017521903;-0.011615222;-0.011029412;-0.029809723;0.02575109;0.006047572;0.0326492;0.005292441;-0.009879787;0.024131274;0.002604164;-0.006586153;0.004007887
2001-02-02;-0.071428575;-0.038291607;0.009271567;0.004885993;-0.055666003;-0.049949046;-0.03070765;-0.05882353;-0.024203822;0.004878076;0.005576208;-0.000217876;0.008368233;-0.012022357;0.008130095;-0.017733427;0.045553196;-0.016965084;0.028571464;0.002099474;-0.018575918
2001-02-05;-0.025641026;-0.013782542;-0.000437455;0.035656404;-0.048421051;-0.050643709;0.00606064;-0.026785715;0.001305483;0.011032657;0.023567468;-0.008282499;-0.000414947;-0.012168652;0.001792156;0.007616374;0.003319499;-0.013998146;0.0353535;-0.005403082;0.002046759
2001-02-06;0.015789473;0.027950311;0.038949646;-0.023474179;-0.017699115;0.031871606;-0.051889386;-0.004587156;0.040417209;-0.006329134;-0.001354402;0.047032952;-0.001245358;0.152661741;0.002683339;-0.015957437;-0.003722091;-0.014780209;0.051219523;-0.00997776;0.000553858
2001-02-07;-0.06735751;-0.010574019;-0.007160913;0.051282052;-0.038288288;-0.039868556;-0.045487385;-0.004608295;0;-0.000439281;0.018083183;-0.033375319;0.009975053;0.013740408;0.005352401;0.001422453;-0.011207989;-0.010264518;0.044083539;0.048712187;-0.008661835
2001-02-08;0;0.045801528;-0.029274525;0.016768293;0.009367681;-0.044033773;-0.019364581;-0.106481485;-0.025062656;0.011206375;0.028419184;-0.020195447;-0.009876534;-0.047063254;-0.007098569;0.006534078;0.022250239;0.011168755;-0.053333282;-0.049652979;-0.006479475
2001-02-09;-0.030555556;-0.008759124;0.010052511;0.00149925;-0.002320186;-0.032458246;-0.062017903;-0.015544041;-0.006426735;0.016079919;-0.020725388;-0.070035458;-0.002078106;-0.004346057;0.001787351;-0.043466013;0.02053388;-0.025838291;-0.053990614;-0.009550544;-0.014136584
2001-02-12;0.014326648;-0.011782032;0.002163532;0.002994012;0.032558139;-0.004686789;0.036184225;0.015789473;0.034928847;-0.011120545;-0.012345679;0.06720686;0.009995826;0.023809463;0.008920641;0.018294452;-0.020120723;-0.024093919;0.019851096;0.002268825;0.010559039
2001-02-13;-0.002824859;-0.01490313;0.018998297;0.004477612;-0.002252252;0.006195787;0.009523786;-0.020725388;-0.0275;0.007785398;-0.005357143;0.027244333;-0.004948488;0.011627952;-0.007073464;0.022022665;-0.005338853;0.026970938;-0.014598526;-0.027164703;-0.00864813
2001-02-14;0.062322944;-0.068078667;-0.012711912;-0.008915304;0.083521448;-0.016009796;0.036163572;0.021164021;-0.015424165;-0.004720975;0.021543985;-0.004347843;-0.001243215;-0.02375482;0.011576146;0.001417592;-0.009909157;0.011111096;0.101234525;-0.008144234;-0.000267312
2001-02-15;0.085333332;0.016233766;0.018884143;-0.005997002;0.025;0.082603231;0.068285279;0.07772021;0.028720627;-0.01681765;0.010544815;0.074672535;0.005394156;0.00902667;-0.014964796;0.039293882;-0.032944079;-0.001598362;0.004484301;0.001173003;0.008805436
2001-02-16;-0.105651103;-0.076677315;-0.03159225;-0.028657617;-0.099593498;-0.049942192;-0.142045453;-0.009615385;-0.006345178;0.021052696;0.00173913;-0.04896383;0.002888968;0.001166888;0.007149319;-0.024931503;0.029754145;-0.000400249;-0.011160756;-0.001171628;-0.020449841
2001-02-20;-0.0989011;-0.011245674;-0.008264486;-0.004658385;-0.065462753;-0.050620634;-0.072019905;-0.004854369;-0.012771392;0.010524008;-0.03125;-0.036317043;-0.03991767;0.019036511;0.022182785;0.007586414;0.005443931;-0.001000986;0.029345399;0.009970657;-0.018633785
2001-02-21;0.036585364;0.002624672;-0.007456144;-0.035881434;-0.002415459;-0.010510122;-0.064228341;-0.068292685;-0.009055628;0.015940489;-0.025089607;-0.002881868;-0.013716232;0.014106018;-0.026041683;-0.022030143;0.024989603;-0.018036103;0.021929804;-0.004065023;-0.018109202
2001-02-22;-0.023529412;0.050610822;0.037118878;-0.022653721;0.00968523;0.00310888;0.035271659;0.02617801;-0.010443864;0.008786652;0.009191177;-0.008670507;0.003911349;-0.014285754;0.039215647;0.001710903;0.01056482;-0.037551023;-0.036480702;-0.000583126;-0.004237878
2001-02-23;0.013554217;0.016196012;-0.016616933;0.033112582;0.009592326;-0.016012467;-0.044198852;-0.020408163;0.006596306;-0.017005386;0.005464481;-0.032294206;0.004761849;0.018306691;-0.000857653;-0.01992601;0.008845971;0.011874499;-0.035634711;0.009334925;-0.003972454
2001-02-26;-0.025260029;-0.035553738;0.054592732;0.011217949;-0.033254158;0.086614259;0.037572194;0.104166664;0.002621232;0.012658196;0.014492754;-0.027809981;0.018957369;0.037827652;0.010300501;0.04327615;0.002789944;-0.050293408;0.064665176;0.013872797;0.019093588
2001-02-27;-0.073170729;0.006779661;-0.014790493;0.003169572;-0.081081077;-0.103864804;-0.075023159;-0.028301887;0.009150327;-0.005208333;0;-0.040286113;-0.003382661;-0.025622487;0.00254883;0.005011145;0.007154225;-0.018093551;0.080260277;0.000114049;-0.010985791
2001-02-28;-0.02631579;0.015151516;-0.002085039;-0.009478673;-0.010695187;-0.03773579;-0.016261822;0.004854369;-0.012953368;-0.006282707;-0.005357143;0.151266783;0.00411246;-0.014814801;0.032203399;0.018005583;0.011444317;0.019775305;0.048192725;0.001824235;-0.013700285
2001-03-01;0.057432432;0.00331675;-0.002089475;0;0.097297296;-0.005602262;-0.091428563;0.043478262;-0.001312336;-0.002318243;0.013016158;0;0.008474528;0.013533786;-0.00246311;0.019863933;0.025360966;-0.002864721;0.042145647;-0.004210797;0.000396138
2001-03-02;0.031948883;0.082644626;0.021356795;0.006379585;0.019704433;0.031267624;0.017520187;-0.041666668;-0.00131406;-0.00718209;0.015507311;-0.007551208;0.028571442;-0.001483643;-0.003292178;0.013073685;-0.001141579;0.020994492;0.119485311;0.011428571;-0.004858685
2001-03-05;0.024767801;0.001526718;0.047970485;-0.009508716;0.048309177;0.001092623;-0.0066225;0.053140096;-0.017105263;0.00021273;0;0.124130413;-0.001633946;-0.002600286;0.006606104;-0.022122731;0.038476199;0.032251034;0.016420346;-0.007457668;0.005497305
2001-03-06;0.054380666;0.045731708;0.003129888;0.0096;0.071428575;0.056753013;0.102222189;0.073394492;0.001338688;-0.000212685;0.001745201;-0.000386781;-0.008183337;-0.01936687;-0.012305138;0.00188526;0.009904639;0.001258154;-0.022617104;0.023907173;0.011196753
2001-03-07;-0.034383953;0.004373178;0.035491414;-0.009508716;-0.021505376;0.012135327;0.062903285;0.021367522;-0.012032085;0.011702111;-0.005226481;-0.025923779;0.016501635;0.011393818;-0.004983424;0.028763432;0.016709011;-0.005235602;-0.014876057;0.000667084;0.00599988
2001-03-08;-0.026706232;-0.013062409;0.022598885;0.0016;-0.021978023;-0.006122492;-0.077200294;0.075313807;0.029769959;0.007991605;-0.012259195;0.008937453;-0.012987001;0.001877625;-0.012520837;-0.001306486;0.002143604;-0.008421085;-0.035234906;-0.020555539;-0.001212775
2001-03-09;-0.076219514;0.022058824;-0.016574543;0.003194888;-0.069662921;-0.049024638;-0.096608438;-0.073929958;-0.009198423;0.000421062;-0.012411348;-0.08641731;-0.012335495;0.009370315;0.021978041;-0.014913649;-0.034937598;-0.025265364;-0.033043489;-0.012478712;-0.024330281
2001-03-12;-0.038778879;-0.007194245;-0.007116124;0;-0.021739131;-0.075573534;-0.052332178;-0.012605042;-0.046419099;-0.016624598;-0.016157988;-0.009265251;-0.014154877;-0.005941323;-0.000827149;-0.016201874;-0.016992947;-0.048573285;-0.037769791;-0.031016709;-0.042226709
2001-03-13;0.084978543;-0.014492754;-0.01546587;0.039808918;0.083950616;0.00116791;0.007202863;0.038297873;-0.004172462;-0.012839685;0.005474452;0.079817355;0.013935807;-0.030257802;0.00662251;-0.032397427;0.001743697;-0.024725316;0.024299087;-0.024896247;0.014767804
2001-03-14;-0.01028481;-0.022058824;-0.020000018;-0.046324655;-0.01594533;-0.023038812;-0.005721136;0.008196721;-0.033519555;-0.025363147;-0.027223231;-0.04934543;-0.013744269;-0.014252656;-0.006578941;-0.065011211;-0.014285754;0.018779416;0.045620438;-0.045592707;-0.024866708
2001-03-15;-0.066346921;-0.001503759;-0.044740949;0.006824568;-0.064814813;-0.007462686;-0.044114128;0.024390243;0.010115607;0.012010696;0.016791046;0.022245746;-0.023648625;-0.062133651;0.008278177;-0.031333908;-0.009534706;0.028571378;-0.005235638;0.014649701;0.003671562
2001-03-16;-0.037671234;-0.028614458;-0.007395247;0.022328548;-0.081683166;-0.087218031;-0.140958086;-0.027777778;0.00286123;0.007252788;-0.00733945;-0.055129532;-0.028114252;0.010416667;0.013957313;0.006161453;-0.023103522;-0.041442618;-0.00877188;-0.028248588;-0.020450203
2001-03-19;0.085409254;0.034108527;0.058360919;0.001560062;0.091644205;0.049423393;0.09927012;0.06122449;0.011412269;-0.010691723;0.005545286;-0.001096715;-0.007565647;0.020206176;0.002429128;0.029087592;0.006700831;-0.010983903;0.026548689;-0.016795905;0.018691078
2001-03-20;-0.026229508;-0.014992503;0.016816594;0.003115265;-0.074074075;-0.005651501;-0.183266968;0;-0.023977432;-0.004411133;-0.03492647;-0.000658818;-0.01300444;0.035165757;-0.005654256;-0.008628411;0.051292069;-0.017013261;0.034482725;0.033508584;-0.023025976
2001-03-21;0.046296295;-0.019786911;-0.039230786;-0.039596274;0.032000002;-0.008525433;-0.082926802;-0.042307694;-0.053468209;-0.007532126;-0.025238095;-0.073610164;0.008632464;-0.042171024;-0.020308692;-0.021908751;-0.025325896;0.016105818;0.023333311;-0.040686645;-0.018444596
2001-03-22;0.094127111;-0.024844721;-0.035228148;-0.008892482;0.096253231;-0.009872595;0.145390019;0.06827309;-0.021374045;-0.052901763;-0.019052271;-0.050996203;-0.004504521;-0.056257688;-0.005804366;-0.071801171;-0.008024493;-0.101017281;-0.011400602;0.007289636;-0.004389643
2001-03-23;0.01764706;0.035031848;0.002489604;0.041598696;0.01355333;0.090382807;0.063777134;-0.003759399;0.020280812;0.012726866;0.037848607;0.099499986;0.003619906;0.035853129;-0.00333611;-0.006611595;-0.006933683;0.055263117;0.004942295;0.065789476;0.020485841
2001-03-26;-0.035404623;0.021538461;0.036009967;0.022396222;-0.020930232;-0.020944037;0.004074487;-0.018867925;0.018348623;0.019781206;0.015355086;-0.007958128;0.011271415;0.002919086;0.000836839;0.022961749;0.016291702;0.005486315;0.006557371;0.08024691;0.011035507
2001-03-27;-0.020224718;0.018072288;0.02277266;0.006127451;-0.021377672;0.012353115;-0.049855109;-0.023076924;-0.022522522;0.013236008;0.011342155;0.001375145;0.00802498;0.0033264;-0.007525096;0.011711146;-0.011832113;0.00942463;0.050488591;0.009142892;0.023014897
2001-03-28;-0.051987767;0.010355029;-0.012890622;0.03045067;-0.08252427;-0.078273788;-0.093959674;-0.007874016;0.012288786;0.009684691;-0.013084112;-0.105058372;-0.004865131;-0.005801881;0.031993303;-0.003215446;-0.011587456;0.014741977;0.037209343;-0.017553829;-0.025747882
2001-03-29;-0.025806451;-0.017569546;0.010288889;0.007092181;-0.052910052;-0.024862723;-0.074074097;-0.015873017;0.018209409;0.01293772;0;-0.156265914;-0.008444468;0.056690313;-0.003305782;-0.015161268;-0.005470863;0.009443085;0.034379672;0;-0.005160939
2001-03-30;-0.03642384;-0.017883755;0.012925966;0.021126797;-0.041899443;0.043046333;0.002909088;0.064516127;0.011922504;0.01871831;0.007575758;0.057896324;0.006275271;0.004339199;0.014096113;0.009171267;0.017681682;-0.012712852;-0.033236995;-0.035734851;0.012047631
2001-04-02;-0.041237112;-0.033383913;0.018948173;0.01379309;-0.034985423;-0.015873017;-0.042784639;-0.075757578;0.013254787;0.015348096;-0.005639098;0.004297928;0.005345164;0.01963865;0.002453041;0.002921134;-0.005791491;-0.028182698;-0.044843078;0.003705888;-0.015392059
2001-04-03;-0.039426524;-0.069073781;-0.056925997;0.002380942;-0.048338369;-0.041935459;-0.06818179;-0.081967212;-0.029069768;-0.004045187;-0.018903593;-0.049643308;-0.005759821;-0.065870538;-0.017128877;-0.012944971;-0.003106793;0.009500027;-0.046948314;-0.026322048;-0.035805259
2001-04-04;-0.033582091;0;0.037826981;-0.005429245;0.003174603;0.0080808;-0.012195168;-0.142857149;-0.019461079;-0.003847805;-0.02504817;-0.020714572;0.008466962;0.008247454;-0.004149393;0.044590183;0.002337338;0.017582938;-0.01477835;-0.033761494;-0.003269799
2001-04-05;0.142857149;0.080944352;0.025591308;0.021835595;0.151898727;0.068804257;0.187242851;0.166666672;0;-0.000214556;0.039525691;0.146535948;0.00441893;0.032719806;-0.009166638;0.038920209;-0.026428306;0.053784352;0.013333321;0.032409232;0.045824252
2001-04-06;-0.070945948;0.020280812;-0.011342198;-0.01035063;-0.057692308;-0.037500024;-0.136568472;0.017857144;-0.090076335;-0.018244226;-0.013307985;-0.037165858;0.003079617;-0.013465352;-0.001682124;-0.009969729;0.009580906;-0.029792169;-0.018092128;0.025137896;-0.020002337
2001-04-09;-0.010909091;0.029235467;-0.006500959;0.021592487;-0.00641403;0.042857133;0.001605818;0.010526289;0.03704701;0.01093135;0.00685934;0.013051964;0.037719328;0.016459247;0.006739674;0.009154691;0.038355052;0.033087436;-0.04355105;-0.014952153;0.009055851
2001-04-10;0.10058818;0.073211357;0.031562731;0.013870544;0.15070428;0.086861797;0.135470897;0.034722224;0.035464637;0.017084712;0.01132881;0.050438602;0.057481006;0.013033172;-0.014225948;0.042636827;0.03198782;-0.055299573;0.05779333;-0.004857335;0.028732689
2001-04-11;0.106360331;0.03875969;-0.010820859;-0.011726404;0.10567116;0.058436006;0.084009856;0.006711435;0.00625;0.001063216;0.004238553;-0.001826714;-0.012390142;-0.009746589;-0.02716466;-0.026682083;-0.011808107;-0.049999982;-0.003311255;-0.007931591;-0.00112569
2001-04-12;0.057970956;0.018336818;-0.009807629;-0.005932772;0.022878189;0.041948557;0.121784493;0.021333313;-0.056397527;0.004035654;0.016581342;0.011241838;-0.009712658;-0.006692917;-0.00087262;0.004767576;-0.005974602;-0.013093765;-0.019933537;-0.014760204;0.015758045
2001-04-16;-0.035616383;-0.015494093;0.011428542;-0.026525173;-0.027777726;-0.042857181;-0.065602385;0;0.015534496;0.015443189;-0.021352349;-0.00517065;0.010625265;0.012683301;0.012227104;0.011269194;0.014650615;0.026014568;-0.027118698;0;-0.004804785
2001-04-17;-0.023200836;0.031475957;-0.00188321;0.0030654;-0.029684642;0.005427429;0.035414826;0.031331625;0.010630019;0.010416667;-0.013030312;-0.015722442;0.016174672;-0.007827744;-0.002588415;-0.009384155;0.012958177;0.03828606;-0.013937269;-0.012734041;0.010692583
2001-04-18;0.122152232;0.06185567;0.018867925;0.032258026;0.094837457;0.08367078;0.290128946;0.04683549;0.064905047;-0.016082449;-0.004912491;0.112871304;0.008754525;0.036291916;-0.001730143;0.077560768;0.016812831;0.053968232;0.053003568;0.054628219;0.039297644
2001-04-19;0.087689012;-0.000582501;0;0.016447369;0.058330428;0.095890373;0.162790701;0.120918974;-0.005540823;-0.006915377;0.011416197;0.053380784;0.017357023;0.002664625;0.018197577;-0.028846236;-0.003954012;0.005560743;0.035234906;-0.016666658;0.014462745
2001-04-20;-0.00039715;-0.065669343;-0.023703681;-0.00550162;-0.063696317;-0.042954531;-0.079999998;0.111111075;-0.025436029;-0.005064315;0.020439353;0.003716172;0.013958848;0.010630246;-0.000851083;-0.021216407;0.009022014;-0.019354841;0.045380831;0.032678943;-0.008381636
2001-04-23;-0.058800142;-0.052817654;-0.001517485;0.008460796;-0.058865;-0.037283298;-0.079130419;0.040776707;-0.030574188;0.003181288;-0.013452937;-0.027936719;0.011472319;-0.001126998;0.007666112;-0.026011495;-0.003934145;-0.030780107;-0.03875969;0.033770226;-0.016503189
2001-04-24;-0.001266386;0.008122918;-0.006838917;0.003872244;-0.021722844;-0.029847041;-0.01085928;-0.096082151;-0.033076946;0.016490541;0.020302976;0.000692537;0.005671063;0.034223385;0.003381231;0.025222506;-0.002513454;0;0.038709719;-0.018846391;-0.010833559
2001-04-25;0.015215579;0.007404185;0.009946452;0.027643802;-0.016079634;0.029748235;0.107398562;0.026831809;0.053566705;0.004367701;0.011880058;0.038062297;-0.013157909;0.020363618;0.026958695;-0.016208323;0.013678875;0.052121248;0.079192504;0.02211876;0.016347932
2001-04-26;-0.056203179;0.18698664;-0.019696988;0.020018809;-0.056031149;0.043209877;0.036637865;0.071356788;-0.001258476;0.008490368;0.003815705;0.001999982;0.03809524;0.026015732;-0.009844125;0.017946359;0.011008504;-0.002995416;0.023021631;0.003986315;0.005117413
2001-04-27;0.052051183;0.019486427;0.004636818;0.00735964;0.037098087;0.014201147;0.001039564;-0.010318917;-0.063508078;0.039014325;0.031871308;0.003326693;0.013578013;-0.003126091;-0.005799478;0.010404643;-0.018264789;0.000462225;0.004219372;0.019285275;0.014428755
2001-04-30;0.03270435;0.039835647;-0.011153881;0.027397308;0.005166974;-0.017502917;0.06126681;0.045497585;0.041442435;0.011067221;-0.001429366;0.044429712;0.000361996;0.010104495;-0.014166673;-0.016876435;-0.00178895;0.022176001;0.021008417;0.013355643;0.000661988
2001-05-01;0.000406018;0.019584253;0.011279694;-0.007111161;0.053776141;0.02232785;0.031506862;0.034451507;0.034625325;0.004300259;-0.019753754;-0.022222247;0.001447735;-0.003794433;-0.008453118;-0.003491386;-0.00788528;-0.00790957;0.026063109;0.010433794;0.013212421
2001-05-02;0.024756519;-0.013479347;0.005384592;0.004476321;0.031144463;0.055994418;0.056725513;0.028045548;-0.015484584;-0.019852091;-0.002628509;-0.087337621;-0.076978646;0.003462617;0.002557603;0.016934359;-0.041546229;0.029612739;-0.018716559;-0.007608662;0.003240258
2001-05-03;-0.048316803;-0.026302321;-0.004590625;0.001782549;-0.030567691;0.007700736;-0.025134677;-0.014492679;-0.038559023;-0.008737141;0.015226841;-0.020633223;-0.003915442;-0.010697015;-0.00085036;-0.008039121;0.029777572;0;-0.006812015;-0.015881758;-0.015156629
2001-05-04;0.030794829;-0.001052404;0.006917767;-0.008651579;0.010510537;0.026200891;-0.005524848;0.102941133;0.002110766;0.021634653;0.006345579;-0.042862341;0.010220135;0.008022307;0.003404252;0.016497821;0.026720336;0.011061947;-0.026063109;0.011463537;0.014099029
2001-05-07;-0.014130011;0.027216842;-0.007633617;0.017755045;0.000742959;-0.007234046;-0.002777806;-0.042352937;-0.006319059;0.019607844;-0.008311864;-0.007210646;-0.006225675;0.004844335;-0.016963512;-0.011674256;-0.012121218;0.028446373;0.00704228;-0.011883739;-0.003163823
2001-05-08;0.021703551;0.00547008;0.008846136;0.002069772;0.027839644;0.007286759;-0.005942427;-0.03112204;-0.014838403;-0.008076888;-0.002890129;0.006116202;-0.000783103;0.000344295;-0.018119071;0.010083616;-0.008661125;-0.014468092;0.132867172;-0.003786236;-0.000562615
2001-05-09;-0.033266529;-0.001360048;0.013343515;-0.002655655;-0.03755872;0.014680821;0.020549268;0.035502966;0.005917192;0.005040681;-0.007536183;-0.026595702;0.017633183;0.00172121;0.02284712;-0.005989814;0.013833312;0.005397236;0.054320931;0.01386092;-0.004387756
2001-05-10;0.009950239;0.005788221;0.021068452;0.005917183;-0.022514086;-0.006919648;-0.025443884;0.008979564;-0.004812842;0.005979965;-0.006425269;-0.005464531;0.013477104;0;0.020618536;0.013773412;0.001795305;-0.003220991;-0.008196685;0.002205122;-0.000458302
2001-05-11;-0.013136276;-0.001354127;-0.006632288;-0.012058819;-0.004222599;-0.005912136;-0.01521415;-0.029126186;0.016120324;0.017257866;-0.002939515;-0.040423814;0.002659563;-0.004811041;0.00252523;-0.010472763;-0.014336905;-0.018526429;-0.009445091;-0.001540147;-0.007353251
2001-05-14;-0.032445952;-0.011525429;0.011869496;0.003870231;-0.031996913;0.00254883;-0.039862677;-0.020833334;0.021681642;0.003770043;-0.001474034;-0.015132958;0.009852226;0.000690624;0.00083965;0.001716286;0.005454531;0.003072857;-0.02264607;-0.013331854;0.001170548
2001-05-15;-0.002579513;0.053326484;0.003665633;-0.015421128;0.015133379;-0.00529661;0.029995993;0.017021261;0.011387227;0.001877906;0.024151191;-0.022009995;0.003377117;0.017943425;0.002516756;0.012564209;0.005063338;-0.001094075;-0.015853673;-0.003685112;0.001223479
2001-05-16;0.06810344;-0.020022783;0.04930608;0.010542123;0.061200451;0.004472824;0.020250782;0.08451885;0.02456497;0.010684156;0.001499134;0.049256895;0.01308902;0.050847456;0.010878671;0.042583231;0.005757461;0.016210249;0.079306118;-0.019278202;0.02729938
2001-05-17;0.004842572;-0.001661168;-0.011138173;-0.010432146;0.029205211;0.098388456;0.055765536;0.091820955;0.035464488;-0.009643855;-0.003742115;0.015783137;-0.003322265;0.001612879;0.004139089;-0.010606456;-0.00178895;0.02177198;-0.020665936;0.022857143;0.005595543
2001-05-18;-0.000401616;-0.000665509;0.006335808;0;0.000359204;0.019305019;0;-0.024028212;-0.001447119;0.007490593;0.002022528;-0.002788832;0.019629655;-0.03607082;0.003297606;-0.006047312;0.005734762;0.054852288;-0.033997651;0.014525174;0.002710226
2001-05-21;0.091201305;0.037795544;-0.009793658;0.001506001;0.08689408;0.070075773;0.128200531;0.133236721;0.019323653;0.014869874;-0.004325303;0.014782218;0.004722091;0.035750072;0.01725555;-0.005254387;0.022808315;0.016999969;0.03883503;0;0.01842585
2001-05-22;-0.018777622;0.015562288;-0.007417841;-0.007518797;-0.012619754;-0.001769884;-0.028566882;0.021086257;0.004739354;-0.003662948;0.013032168;0.09763778;-0.015907466;0;-0.021001633;-0.008896294;-0.018815363;0.008849572;0.029205605;0.024339195;-0.001665146
2001-05-23;-0.061538439;-0.036808815;-0.011032009;-0.005454555;-0.077221647;-0.039893616;-0.076948196;0.015018759;-0.052358519;0.007169106;-0.002001135;-0.031563815;-0.003306398;-0.011612923;-0.010726082;-0.018793883;-0.011718747;-0.054580882;-0.022701561;-0.001075137;-0.016617002
2001-05-24;-0.02119155;0.013613219;-0.014393721;0.003351633;-0.043509819;-0.021237331;0.000884942;0.000616537;0.014434993;-0.001642638;-0.007161272;0.034444455;0.01179512;-0.003590036;0.000834047;-0.026586629;-0.019044222;-0.005773171;0.051103432;-0.018943086;0.004082697
2001-05-25;-0.010620925;-0.007928768;-0.000730141;-0.001822088;-0.012509475;-0.004716981;-0.011317408;0.016635887;0.000490688;-0.019195598;-0.013848804;-0.032939494;0.004735853;0.01604978;-0.017500004;-0.009104187;0.000732618;0.005806694;0.001104998;-0.007131119;-0.010047192
2001-05-29;-0.061932288;-0.015984334;0.005480439;-0.003650713;-0.045297444;-0.039620858;-0.037560336;-0.062424228;-0.025502628;-0.014911519;0.00789937;-0.039244704;0.020667139;0.012894894;0.005089094;-0.013930089;0.024890201;-0.031958748;-0.002207556;-0.004972342;-0.010145852
2001-05-30;-0.064700678;-0.010276856;-0.005450567;0.011603086;-0.06513875;-0.040663272;-0.092362031;-0.119586319;0.011071933;-0.007946986;0.0055152;-0.07052023;-0.028964803;-0.029917266;0.001687722;-0.014427398;-0.027142866;-0.056443054;-0.029867202;-0.00777351;-0.017354958
2001-05-31;0.024000011;0.009378687;0.014249155;-0.002716576;0.032258064;0.041769601;0.02375102;0.066079341;-0.028372308;0.014686257;0.000288745;0.063432783;-0.01063443;-0.064960614;0.009267031;0.012503807;-0.00917768;0.01354407;-0.045610096;0.01096814;0.00763162
2001-06-01;0.056525715;0.001327327;-0.002161364;0.001210681;0.046250027;-0.004542752;0.029000016;0.036501359;0.00358605;-0.003759413;0.003463173;-0.003118905;-0.004077046;0.021052646;0.000834744;-0.009036121;0.013338296;0.028953211;0.046595022;0.005203158;0.005275732
2001-06-04;-0.038712457;-0.014084483;0.007942214;0.000604493;-0.011947476;-0.027777808;-0.003692953;0;-0.020418562;-0.010377344;0.001725665;-0.002737571;0.012281352;-0.006872878;0.000834047;0.010942152;0.004753169;0.034848496;0.003424627;0.001101305;0.005290917
2001-06-05;0.081447929;0.045378163;0.006088828;0.030211482;0.098347463;0.035714287;0.057354711;-0.013289024;0.026576353;-0.028408039;0.003445275;0.013725505;0.008823521;-0.030103769;0.007500013;0.003307295;0.00618632;-0.012549723;-0.027303729;0.0110011;0.014200359
2001-06-06;-0.016736386;-0.010450185;-0.003203992;-0.010557091;-0.036330268;0.009064022;-0.026937252;-0.011447816;-0.024365555;-0.011185237;-0.005722482;-0.005802693;0.009839597;-0.011773097;-0.001654298;0.009289823;-0.000723344;-0.026265576;0.017543815;-0.009684433;-0.009467322
2001-06-07;0.102127641;0.018359074;-0.003928593;0.011855296;0.105483644;-0.001562156;0.046454243;0.017711122;0.009365261;-0.008334951;-0.005467586;0.011284008;0;0.012274373;-0.008284957;-0.000593838;-0.000361865;0.003262948;-0.009195394;0.002087626;0.005254135
2001-06-08;-0.037837822;-0.045947686;-0.008246667;0.000585836;-0.039269764;-0.064150251;-0.055988409;-0.047523431;-0.018556634;0.001400834;-0.017650479;-0.01539052;0.005774152;-0.014265389;0.018379224;-0.007724252;-0.005068838;-0.024284452;-0.003480247;0.006030736;-0.009485439
2001-06-11;-0.03892453;0.009866224;0.001446165;0.008489489;-0.050555751;-0.030302968;-0.067178503;-0.096275471;0.009453697;0.014788127;0.00117823;-0.057444286;0.000358749;-0.007959454;-0.002461012;-0.020059939;0.004002933;0.00066664;-0.019790463;-0.031607646;-0.009471932
2001-06-12;0.007515591;-0.000496751;0.005776168;0.005805537;0.008308203;-0.026293129;0.006584356;0.051321991;0.009885564;0.002166219;-0.007060949;0.041459367;0.005021567;-0.005470445;0.022203986;-0.000611074;0.006886573;-0.055518545;-0.066508308;0.001800829;0.000362194
2001-06-13;-0.04475756;-0.014247856;-0.011127058;0.006926345;-0.020973833;-0.007968141;-0.065617315;-0.052514795;0.007727955;-0.018078173;0.002666671;-0.013535038;0.006067098;0.011001072;-0.004827065;0.000611448;0.004116611;0.013872565;0.120865174;-0.010223611;-0.010056006
2001-06-14;-0.054229937;-0.011764719;-0.027322404;-0.009458241;-0.035960164;-0.050647043;-0.068037644;-0.07806401;-0.018916102;-0.03221935;-0.004137098;-0.070621468;-0.005321022;-0.006166126;-0.018593334;-0.031164084;-0.007543139;-0.021335766;0.022701453;-0.018161163;-0.019120207
2001-06-15;0.021559689;-0.025510205;-0.03370792;0.00173604;0.009126966;-0.052643899;-0.037558652;-0.063505501;0.018238686;0.023367388;-0.009792339;0.026052907;-0.003566347;0.005474439;0.00329489;-0.020182889;-0.006152736;0.004976281;0.081021033;0;-0.004873269
2001-06-18;-0.016614316;-0.00959859;0.00426359;0.02021955;0.01101057;-0.042421307;-0.043658558;-0.017179072;0.008188323;-0.007135545;0.002397418;-0.05374518;-0.010379417;0.008348511;0.011494203;0.003540412;-0.005462477;-0.03371847;-0.024640635;-0.01895953;-0.006525856
2001-06-19;-0.008675824;-0.021850251;0.008105017;0.031993236;0.013224432;-0.054404106;0.007396096;0.029438796;0.03197965;0.013552358;0.01076235;-0.021914121;-0.004339925;-0.000359979;-0.008116837;0.001924293;-0.008421807;-0.033674989;-0.0473684;-0.031227922;0.001758521
2001-06-20;0.003685022;0.011529512;0.014548207;0.011248281;-0.011516286;-0.02547946;0.01417725;0.016085818;0.03148054;-0.008508954;0.034013536;-0.044353049;-0.022884164;0.011523215;0.011456578;0.007682451;-0.022525871;0.037878789;0.051933732;-0.011190831;0.009865711
2001-06-21;0.008719533;-0.02137134;-0.015849059;0.005425957;0.022524269;0.044419505;0.07338988;0.105540879;0.089651935;-0.039640348;0.015446251;-0.037798997;-0.051672842;0.009255971;0.013754052;0.000635339;-0.014355843;0.022871107;-0.017857149;0.013654823;0.009886033
2001-06-22;0.005459547;0.011101012;-0.044861965;0.006206139;-0.036460277;0;0.026511613;-0.156722307;-0.035448555;-0.006382963;-0.019154938;0.083540536;-0.015288098;0.000352742;0.005586644;-0.022539653;-0.008432323;0.018077981;-0.035294108;0.001456251;-0.009118109
2001-06-25;0.035294063;0.006839403;-0.025692469;-0.028157663;0.059913225;0.016150698;0.002945199;0.037735812;0.005898328;-0.003854396;-0.009764507;-0.024323115;0;-0.014456976;-0.000793669;-0.000649576;-0.01120993;0;0.00221724;0.01369371;-0.004968505
2001-06-26;0.000874146;-0.008759347;0.009888742;0.018211916;0.003718869;-0.017218584;0.013101378;-0.004545472;-0.012629711;0.014187443;-0.008120614;0.019755412;-0.012738917;-0.025044749;-0.007942842;0.032174189;-0.00312744;-0.024065392;0.014380543;0.002988643;-8.32E-05
2001-06-27;0.008733658;0.027592404;0.01101593;-0.011653124;-0.031493161;0.008086336;0.030323315;0.031963505;0.00182736;0.012505302;0.024853757;0.005535006;-0.028628996;0.024587158;0.00928585;-0.000629737;-0.03333335;0.026574111;-0.066521227;0.005959475;-0.002120022
2001-06-28;0.035497822;0.013162513;-0.001210681;0.004387163;0.071155339;0.046791442;0.068167098;0.044247787;0.032831706;-0.001465348;-0.001711771;-0.034403671;-0.015774224;0.025429767;-0.019261619;0.001890342;0.010141988;0.008628706;0.032710247;-0.005331808;0.012665548
2001-06-29;0.02006687;0.004676952;0.042020239;0.02784604;0.035714287;0.022988446;0.043354932;0.055084713;0.015452555;0.011530383;0.028579593;0.054631904;0.007591747;0.00593783;0.009001608;0.034591269;0.032128561;0;0.01809953;-0.009586524;0.004208893
2001-07-02;0.019672113;0.017413763;0.01977504;-0.014342654;0.012413814;-0.00124842;-0.045436896;0.040963873;-0.00999998;0.00310884;-0.013337131;0.018918922;0.003348678;-0.027777752;-0.002433068;0.021276502;-0.022957204;-0.009479765;0.011111153;-0.001088977;0.005399593
2001-07-03;-0.00442117;-0.001016735;-0.004942934;-0.003233601;-0.012602208;0.001249981;-0.005492279;-0.06250003;-0.034255628;0;0.002816173;-0.01679934;-0.005423411;-0.005357129;0.001625976;-0.008333297;0.015531636;0.017973866;-0.017582504;0.004118265;-0.001605606
2001-07-05;-0.014533735;-0.028668404;0.026748214;-0.011895172;-0.028975515;-0.008739038;-0.030067524;-0.014814761;-0.003183251;0.002479317;-0.01067119;-0.035521537;0.006711403;-0.017594246;0;-0.003901593;0.021960763;-0.000229354;-0.017897075;-0.033775669;-0.011967321
2001-07-06;-0.063908212;-0.010827784;-0.01116491;0;-0.054706894;-0.030226719;-0.067271166;-0.037593968;-0.065693453;0.004122027;-0.031507257;-0.058275055;-0.014583349;-0.025950328;0.002435121;-0.0018077;-0.013814225;-0.005275219;-0.045558043;-0.02059927;-0.022161754
2001-07-09;0.006564535;-0.004413842;0.004892776;-0.004377561;0.025178507;0.027272707;0.00384359;0.004340211;0.022460986;0.000615738;0.005861687;0;-0.017336147;0.016885582;0.003238863;0.022638092;-0.005836635;-0.000461159;-0.036992889;0.024219269;0.00568707
2001-07-10;-0.019565251;0.00886682;-0.017603042;0.008518862;-0.010630532;0.020733241;-0.072072089;-0.066551387;-0.024355311;0.001435891;-0.012237709;-0.025742596;0.010327012;0.007749043;0.001614165;0.002066107;-0.007436346;0.014071525;0.027261496;0.00821411;-0.014194219
2001-07-11;0.004434607;-0.006855324;-0.001143682;0.012261601;0.071137458;-0.004211002;0.023058271;-0.0222222;0.012726394;-0.006554685;-0.005014807;-0.029471541;0.012350976;-0.005858654;-0.008863792;0.002356348;0.011040961;-0.017743375;0.012062772;-0.003086039;-0.002064391
2001-07-12;0.090949208;-0.043008856;0.01335872;0.044145338;0.137322769;0.010199001;0.11387898;0.106060594;0.000483336;0.001030912;0.019863682;0.003664905;-0.005889832;0.02615105;0.001625976;0.022921029;0.005070244;0.021074567;-0.017878493;0.002971742;0.023371976
2001-07-13;-0.031161416;-0.001109698;0.008286298;0.02165507;-0.052311473;0.000246203;-0.031948883;0.026541049;-0.009661872;0;0.011046431;-0.010433008;0.015658097;0.005025104;0;0.008330856;0.002716325;-0.017691059;-0.006067984;-0.012345679;0.005389571
2001-07-16;-0.037176326;-0.025180463;0.001494173;-0.013878356;-0.053594355;0.007139363;-0.023322362;-0.080900691;-0.018048821;-0.00411948;-0.018688837;-0.027411627;-0.015416701;0.026785715;-0.004870086;-0.009116801;0.006191945;0.006695846;-0.023198973;-0.014375019;-0.01157596
2001-07-17;0.028199634;0.027540302;-0.000373004;0.025076753;0.038996257;0.010755283;0.031763908;0.021778563;-0.003477382;-0.013443593;0.02490473;-0.298103034;0.025391469;0.022608683;0.014681839;-0.0063254;0.010769257;0.019495467;0.018749952;0.005072943;0.01063952
2001-07-18;-0.029957848;-0.014972229;-0.006716358;0.014228649;-0.045365516;0.001692858;-0.080786042;-0.044404972;-0.025423741;0.000419297;0.005145806;0.024710475;-0.031366084;-0.017006803;0.002411631;0.037326302;-0.012176621;-0.051068626;0.01472403;0.018296491;-0.006697817
2001-07-19;0.053066522;-0.009945629;0.013899283;-0.008860462;0.047863234;0.029213011;0.029216234;0.049256481;-0.005626532;-0.006705777;0.003128573;0.016578697;0.018321274;0.01591699;-0.009623086;0.015341788;-0.004237238;0.022759579;0.045949109;0.006815404;0.005135537
2001-07-20;-0.055720739;0.014783977;-0.007780625;-0.002731577;-0.042740602;-0.015716678;0.016155018;0.17803368;0.041666638;-0.055696268;-0.008222311;-0.030392872;0.021338923;0.021457737;-0.000809735;-0.018131863;0.013539666;-0.003245234;-0.011560628;-0.006153846;-0.002768226
2001-07-23;-0.039412141;-0.039970104;-0.021657951;0.000498019;-0.019768232;0.015729263;0.017715253;0.040601499;-0.028148133;-0.047140233;-0.00800454;-0.036697213;0.022122119;-0.00366791;-0.000810391;-0.036373895;-0.014885546;0;0.001169617;0.002476742;-0.014710375
2001-07-24;-0.032786854;-0.063229568;-0.032061074;-0.007715316;-0.042767718;-0.003050147;-0.027002964;-0.018786144;0.008638215;-0.048300147;0.002305418;-0.055555616;0.017635215;-0.006024043;-0.007299283;-0.041811809;-0.00232466;-0.029302286;-0.009345897;0.006176652;-0.016352322
2001-07-25;0.016949182;-0.059190076;0.014984193;0.018309494;0.004358843;-0.011532164;0.040596344;0.064064793;-0.012090668;0.047055922;0.00632551;-0.005041972;0.029145325;-0.010437757;0.003267971;0.032727327;0.04815533;-0.017010132;0.048349153;-0.007366464;0.013755024
2001-07-26;0.082407348;0.137086079;0.006604509;0.016995134;0.083544284;-0.015000026;0.0193961;0.009688606;-0.031106608;0.031764671;-0.006857191;0.026182387;-0.033677734;-0.030282389;0.010586329;0.007042191;-0.0111152;0.018766768;-0.008998866;0.015337017;0.01142527
2001-07-27;0.029084701;0;-0.015824001;0.004359416;0.012683614;-0.011360827;0.035891887;0.007539387;-0.013157895;-0.001824356;0.012658299;-0.008230406;0.016237618;-0.007017571;-0.002417384;-0.001456854;0.011614817;0.043062184;0.028376844;0.016323596;0.003209647
2001-07-30;0.001662549;-0.017084008;-0.006274504;0.009163184;0.000329605;0.023227308;0.001461066;0.074149668;-0.018666686;-0.007310937;0.012215879;0.004149393;0.010132511;0.016254453;0.008885271;-0.00875399;0.004444476;-0.02064215;-0.009933791;0.02840708;-0.001195717
2001-07-31;0.004149393;-0.06853646;0.028018907;0.016248515;-0.00955522;-0.008841074;0.005627354;0.066497795;-0.019565146;-0.007594979;0.010475621;0.02561979;-0.001157434;-0.001738566;-0.004003218;0.010891932;0.005899699;-0.002341974;-0.061315514;-0.006177231;0.004859712
2001-08-01;0.043388397;0.037319727;0.011516359;-0.00329178;0.072188959;0.013018345;0.022383457;-0.041567739;0.020509917;0.008348809;0.00672462;0.078968614;-0.016608741;0.004528076;0.004823185;0.004950531;0.005131942;-0.004929556;0.027315861;0.010906536;0.004959574
2001-08-02;0.019405931;0.00081768;-0.012144201;-0.010851612;0.011479954;0.079961933;0.032637276;0.003717557;0.002715874;0.024609009;-0.006401323;0.085138112;0.00785549;-0.006934839;0.00800003;0.006994983;0.006564563;-0.020759638;-0.008092451;0.003480314;0.003182727
2001-08-03;-0.015928511;0.006944448;0.014214327;-0.000239596;-0.041717753;0.001542523;-0.025323855;0.009876533;-0.033586077;0.005162728;-0.000840409;-0.02064695;-0.001948528;-0.011871514;0.002380931;-0.015629549;0.004710115;0.040713143;0.018648;-0.006936398;-0.004576165
2001-08-06;0.004737499;-0.004056811;0;0.00071905;0.021766976;-0.010561046;-0.039073564;-0.066625923;-0.017937202;-0.035730202;0.002803541;0.011946597;-0.000390481;-0.00388688;0.008709394;-0.000587964;-0.01370354;-0.003472257;-0.004576655;-0.004656595;-0.011029079
2001-08-07;-0.02121811;-0.006313596;0.015530298;0.018443124;-0.012844606;-0.013342279;-0.008593583;-0.019646378;0.01997719;0.014821663;0.002236455;0;-0.000390634;-0.015608391;-0.005494481;-0.002647842;0.001096847;0.003716605;-0.014942543;-0.003508808;0.00230011
2001-08-08;-0.044560444;-0.011272786;-0.007086857;0.005409209;-0.063471913;-0.012846512;-0.045243118;-0.072144285;-0.015109146;-0.017571896;0.004184143;-0.027777752;-0.023055887;0;-0.007103406;-0.01681415;-0.011322114;0.002314332;0.003500664;-0.022300398;-0.016721265
2001-08-09;0.015126077;-0.019900557;-0.011645431;0.015438593;0.012199275;0.001598167;0.00797167;0.011519067;0.031818151;0.016027931;-0.002222273;0.01642854;-0.010400009;0.00864864;0.003974578;-0.005700643;-0.006280018;0.004386946;-0.012790768;0.014405726;-0.000152004
2001-08-10;0.003725172;0.005076178;0.00532122;0.003916194;-0.00200875;0.012309116;-0.00702987;-0.04056944;-0.011013258;0.007544536;0.004454445;-0.014757491;0.017380772;-0.004287207;-0.000791784;0.032890771;0.016728653;0;0.004711421;0.004852114;0.004402613
2001-08-13;0.036701005;0.00589223;0;0.027076559;0.028178468;-0.019365022;0.012168124;-0.014094925;0.020601384;-0.018833628;0.004434586;0.032096989;0.000794615;0.010405418;0.000792411;-0.000584296;-0.004387599;0.02068969;-0.003516968;0.001766504;0.002317264
2001-08-14;-0.0107398;-0.010460251;0.013232457;0.011170688;-0.00913536;-0.011481057;-0.019672165;0.084273882;-0.017457703;-0.008556955;0.002483448;-0.008293012;-0.015879301;0.012784112;0.030087102;-0.002923077;-0.006977548;0.002477405;-0.036470637;-0.00164589;-0.002643058
2001-08-15;-0.041415386;-0.019238899;0;0.016350016;-0.04741523;-0.024622476;-0.062207296;-0.012491346;-0.012215397;-0.008630719;0.007707095;-0.033449512;0.01250502;-0.011921464;-0.017678747;0.009967756;0.007396407;0;-0.032966975;0.018487986;-0.006738736
2001-08-16;0.004614119;0.003449016;-0.007089501;0.02282607;0.017974436;-0.009288002;-0.036138859;0.043569982;0.016301237;0.015294153;0.008194461;-0.008651759;0.00597608;0.02732436;-0.001564906;-0.009579153;0.011380304;0.001123412;-0.013888906;-0.008902725;0.001881998
2001-08-17;-0.047599219;-0.029001042;-0.018789928;-0.01190218;-0.046519551;-0.012019231;-0.026393678;-0.026936065;-0.006637215;0.011123975;0;-0.018181818;-0.012673255;-0.002763382;-0.010971813;-0.01992967;-0.019600691;-0.003590661;-0.024327792;-0.015282285;-0.015842414
2001-08-20;0.002192071;0.017477896;0.009574875;-0.007743614;0.009259268;0.003649672;-0.048644587;0.018685153;0.041202769;0.003437949;-0.000270884;-0.000740758;-0.0056157;0.00900583;0.014263099;0.000299107;-0.004072588;0;-0.011810982;-0.021916905;0.006892477
2001-08-21;-0.039807517;-0.019134616;0.005311054;0.015391265;-0.065631635;-0.04484845;-0.02663116;-0.016983695;0.007486598;-0.002284113;-0.011653124;-0.03335803;-0.008471197;-0.006865735;-0.000781268;0.013751841;-0.008178413;0.002702679;-0.021248382;-0.019622035;-0.011453514
2001-08-22;0.051025007;0.033030324;-0.016226426;-0.008753199;0.085347444;0.003807048;0.069767423;0.03386315;-0.002653887;0.008470671;0.003564498;0.010736222;-0.000406844;-0.016591758;-0.001563683;0.013565293;0.017616166;0.019541755;0.025780197;-0.011613571;0.007279624
2001-08-23;-0.008235827;-0.002360446;0.001150774;-0.041567959;-0.021224795;-0.015929231;-0.013299148;0.00200533;-0.00478979;-0.012939834;-0.006284141;-0.016691977;0.00773303;0.005623896;0;0.013965655;0.001104998;0.003304726;0.039682563;0.015625;-0.002725673
2001-08-24;0.053321734;0.032480065;0.012260525;-0.12606743;0.052612923;0.06731765;0.075168416;0.03535695;-0.008021472;0.005059826;-0.036293641;0.046296325;0.018982202;0.002446686;0.002349235;0.029555313;0.009197939;0.024154555;0.016539393;0.02830773;0.018142927
2001-08-27;0.014107889;0.023333311;0.005298993;-0.050655726;0.020601105;-0.008907143;-0.009161067;0.030927805;-0.002156281;0.005949618;-0.027389418;0.047197595;-0.006738014;0.006276161;-0.009374991;0.008361182;-0.001093718;0.003430529;-0.005006253;-0.012208309;-0.00384291
2001-08-28;-0.027004903;-0.033998337;-0.017695758;0.04794151;-0.008603581;-0.016273942;-0.05669095;0.026250005;-0.036196653;0.019108284;-0.015547046;-0.012676011;-0.016360728;0.003118508;0.00788639;-0.026533971;-0.005109467;-0.018803442;-0.017610047;-0.014297835;-0.014217962
2001-08-29;-0.030698126;0.011380419;-0.003832901;-0.023520287;-0.063751668;0.006666678;-0.026051125;-0.012180314;-0.020179406;-0.009151783;-0.006257535;-0.01212554;0.007102256;0.003454179;-0.008607172;-0.004826859;0.0029347;0.000653367;0.001280439;-0.030854359;-0.009579564
2001-08-30;-0.005639877;-0.03959161;-0.005771436;0.002382217;-0.016042741;-0.03801813;-0.030190663;-0.03390871;-0.001716177;-0.001126363;0.012293849;-0.01877258;-0.013731832;-0.011703964;0.005524838;-0.001997138;-0.006583771;-0.00500543;0.003836283;-0.018391641;-0.015629197
2001-08-31;0.019633541;-0.00412234;0.011222872;-0.019540478;0.02898548;0.030851582;-0.006007575;0.011486937;-0.033237815;-0.005863742;0.004443173;-0.006622528;0.029893512;0.01880881;-0.006279429;0.026586629;0.025405027;0.001093597;0.011464988;0.014084558;0.004063834
2001-09-04;-0.032520335;-0.028322505;-0.006888573;-0.018583421;-0.019718291;-0.044768769;-0.100000083;-0.034069397;-0.023118036;-0.000226909;0.00058981;-0.005185163;0.017097428;-0.005128192;0.007109017;-0.018936237;0.014003568;-0.000655424;0.032745559;-0.000127448;-0.001352864
2001-09-05;0.004422754;-0.045067228;0.001156022;-0.077936344;0.006465528;-0.080528244;-0.053724006;-0.000653183;0.008495225;-0.013614669;-0.01709407;-0.041697722;-0.005082062;-0.008591065;0.001568663;-0.006812315;0.004957485;-0.007214732;0.008536665;0.087676786;-0.003105822
2001-09-06;-0.030383032;-0.000234757;-0.010777474;-0.008928549;-0.037116379;-0.004505769;-0.054838736;-0.033986956;-0.022864083;-0.013342577;-0.002998455;0.047397021;0.015717076;-0.046793774;0;-0.010574528;0.020084623;0.012992736;-0.036275774;-0.007029859;-0.02073803
2001-09-07;0.02270663;-0.011038074;-0.044358026;0;-0.002594503;0.014144273;-0.044368576;-0.007442467;-0.007389097;-0.002098395;-0.031879742;-0.007418355;-0.000773712;0.018545464;-0.014878663;-0.028307324;-0.002418017;-0.037826125;0.028858222;0.002949852;-0.017837796
2001-09-10;-0.00044406;-0.008549052;-0.008143276;-0.009609601;-0.026012663;-0.009204966;0.001071453;0.012951573;0.020471457;-0.012850449;-0.007455666;0.011958135;-0.011227217;-0.021777958;0.001589861;-0.018133193;-0.004155088;-0.021689994;0.023170797;0.029764691;0.003667839
2001-09-17;-0.10217686;-0.033053916;-0.090722553;0.009702841;-0.130103007;-0.032939244;-0.090260461;-0.111036316;-0.057142887;-0.011834326;-0.024413167;-0.109305747;0.039154265;-0.069343053;0.007142793;-0.109900072;0.045031633;-0.047344092;-0.070321828;-0.075973973;-0.050581127
2001-09-18;-0.042058315;0.02799111;-0.013605408;0.036936924;-0.048245549;-0.018922787;-0.097254887;-0.027252056;0.005802718;-0.020087076;0.010587101;-0.002489604;-0.026752109;0.004313749;0.003152085;-0.007823113;-0.015999984;0.024242423;0.0076923;-0.049208652;-0.008080073
2001-09-19;-0.036673605;0.010843392;-0.050574731;-0.05068057;-0.050691262;0.010089025;0.06255424;-0.015564261;-0.019230781;-0.024697455;0;-0.010815317;-0.031746019;-0.02147603;0.007069926;-0.039766878;-0.044715434;-0.07692308;-0.015267221;-0.00390121;-0.016980823
2001-09-20;-0.06595172;-0.007866551;-0.038740885;-0.046674766;-0.064077653;0.01057581;-0.073998347;-0.015810262;-0.041176479;0.011395212;-0.033015903;-0.039529037;-0.011595398;-0.002394232;-0.007800268;-0.028561268;-0.009219866;-0.028205089;-0.05038758;-0.09856391;-0.030471193
2001-09-21;-0.080941439;-0.005045629;-0.029219139;-0.082239963;-0.070539445;0.017441815;0.049448162;0.004016079;-0.02658489;-0.018527739;-0.020682836;0.011383547;0.008090646;-0.029999999;0.021226376;-0.040058739;0.011453102;0.013192612;-0.122448996;0.202751622;-0.01870773
2001-09-24;0.03560273;0.043226298;0.090295784;0.053347204;0.076450936;0.058571406;0.119899049;0.105599977;0.048319366;0.010204023;0.041568883;0.0138528;-0.008427006;0.063917495;0.012317155;0.10336902;-0.037508827;0.045572914;0.08372093;-0.017459417;0.037603468
2001-09-25;-0.00180945;-0.028703742;0.05568777;0.015888764;-0.039917078;-0.01214577;-0.01615328;0.028219996;0.005344016;-0.001262607;0.012552282;-0.013663522;-0.007284435;-0.005038728;-0.005323171;0.023594737;-0.028676495;0.006973817;-0.007153035;0.00490198;0.007566488
2001-09-26;-0.071903303;0.000953311;-0.019837715;0.022482943;-0.115550824;-0.032513626;-0.032073315;-0.039408896;-0.069767453;-0.043742087;0.00826447;-0.160173193;-0.030982479;0.003506044;0.000516793;-0.002372871;-0.010598058;0.004699447;-0.008645525;-0.002926803;-0.005998451
2001-09-27;-0.040364578;0.021428607;0.039098453;0.056405369;-0.037240461;-0.025698951;0.005917144;-0.08717946;0.037857123;-0.052353241;0.049810845;0.010309318;0.015145086;-0.024068356;0.010046377;0.037037041;0.047819436;0.027818836;0.02180234;0.001100738;0.010769599
2001-09-28;0.065128908;-0.044289079;0.022576371;0.050226185;0.038680956;0.007246377;0.068627454;0.034510456;0.02821747;0.023995552;0.017717723;0.070408121;0.017405722;0.018695354;-0.017597517;0.073394425;0.017889732;0.009341302;0.098150723;-0.000855219;0.022721322
2001-10-01;-0.038216524;-0.041707296;-0.011688331;0.036191303;-0.038461488;-0.014964042;-0.05064217;0.039565496;-0.009370776;0.007901932;0.002360632;0.000953311;0.0203666;-0.024599807;0.003115262;-0.025946232;-0.004662811;-0.003796864;-0.010362685;0.00819269;-0.004315168
2001-10-02;-0.018543091;-0.021634061;0.012702624;0.053222485;-0.023492057;-0.03125912;0.033629645;0.051492579;-0.0162162;0.011624668;0.003826825;-0.004761923;0.013572861;0.007606106;0.007763931;0.012221855;0.036036037;-0.007860839;-0.064136095;0.000606465;0.011580915
2001-10-03;0.099865019;0.036940739;0.040657379;0.052901704;0.166449964;0.056996364;0.099476434;0.064584799;0.075549409;0.033671893;0.002932619;0.086124457;0.004332439;0.027016301;-0.00077036;0.010526321;-0.00765215;-0.027611081;-0.029370634;0.008606049;0.022240646
2001-10-04;0.06441725;-0.029603619;-0.022028212;-0.060742438;0.040691167;0.036233965;0.114625879;0.059333358;-0.037675615;0.016028928;-0.001461966;0.004405219;0.013725505;0.028239828;-0.00539712;-0.016850468;0.01051522;0.019012356;-0.112391964;0.008652821;-0.000369843
2001-10-05;0;0.037487093;0.013599646;0.011976094;0.014461728;-0.007433933;-0.03722921;0.002517304;0.125414699;0.015267234;-0.009370415;0.128947392;0.001160494;0.028969167;0.005426407;0.005920805;0.012140146;-0.007511543;-0.089285672;-0.001787222;0.000492339
2001-10-08;0.028818443;0.00523297;-0.01048218;-0.023668654;0.069693752;0.055478502;0.003169584;0.032642841;0.006485885;-0.012782008;-0.052320436;0.04506604;0.010432784;-0.025228538;0.006168074;-0.022924347;0.015078839;-0.016357377;0.024955412;0.002029102;-0.007848045
2001-10-09;-0.040896334;-0.002478891;0.019915225;0.028282858;-0.052813411;-0.007884343;-0.04486572;-0.05227967;-0.036906805;-0.023863891;-0.008733645;-0.030483261;0.006500959;0.001500409;-0.011494297;0.01426756;0.00202564;0.000744571;0.038260832;0.000595629;-0.004682671
2001-10-10;0.08586444;0.042495005;0.023265453;0.021610972;0.09067221;0.038675472;0.100231521;0.035920426;0.021289561;0.007542287;0.030207708;0.03834356;0.036854152;0.024344554;0.000775212;0.027821235;0.030323436;0.063988142;0.003350081;-0.004166649;0.023115247
2001-10-11;0.098440014;0.001430216;0.037352826;-0.008076888;0.112279043;0.035450127;0.088394545;0.114551112;0.013698602;-0.019618019;0.018937046;0.107828662;-0.000732886;0.032906748;0.009295112;0.03163008;0.007194222;0.037296001;0.030050136;0.001195439;0.017138274
2001-10-12;-0.006855994;-0.007379137;0.004696706;0.01628531;-0.005584238;0.009113369;-0.010773463;0.021111064;-0.05992952;-0.00526595;-0.021282947;-0.033333335;-0.016501678;-0.031858392;0.006139672;-0.003832466;-0.004220752;0.010786506;0.03241488;-0.008835795;-0.005428224
2001-10-15;-0.061637077;-0.054196693;-0.010907701;0.037771907;-0.116198726;-0.016597517;-0.047472794;0.019586541;0.026875019;0.001852824;0.02021439;-0.01379309;-0.01491423;0.004753169;0.005339485;-0.007694647;-0.013694166;-0.002000893;0.032967038;0.001084163;-0.00064179
2001-10-16;0.007356773;-0.001267729;0.006695553;0.04448526;0.032746829;0.025068212;0.0082087;-0.014935944;0.026780313;0.014002712;0.0159111;-0.004195834;0.009084019;0.016011665;0.00682854;0.00566664;0.008264462;0.049231436;0.013677835;-0.004091412;0.007750307
2001-10-17;-0.063119508;-0.035288129;-0.017214345;-0.086589195;-0.08471363;0.008474632;-0.028787376;-0.0032557;-0.058091313;-0.003908325;-0.007978737;0.048455093;-0.016879249;-0.005372479;-0.006782227;-0.011269308;-0.016393442;0.002547829;-0.058470745;0.002899926;-0.019423258
2001-10-18;-0.016703745;-0.005789506;-0.009554206;-0.042389225;-0.043433305;-0.008163269;0.003592782;0.035326067;0.025802322;-0.05362279;0.011617498;-0.07099802;-0.0198397;-0.003961131;-0.003034898;0.001499677;-0.028333345;-0.025624797;-0.025477758;0.003252972;-0.007130367
2001-10-19;0.010758807;0.038380116;0.00361737;-0.01207248;0.017837834;0.021786436;0.072494045;-0.000524846;0.01901849;0.015754553;0.005005948;-0.079307817;0.000778457;0.007592227;-0.006088274;-0.012878116;-0.01749572;-0.003912117;0.006535942;-0.00132092;0.004916301
2001-10-22;0.019607864;-0.041549861;0.033640377;0.012627347;0.061072737;-0.003553606;-0.005563303;0.043592431;0.036122724;-0.014421736;0.025783686;-0.007830883;0.014780283;0.02009327;0.011485422;0.025182094;0.014664807;0.002618349;0;0.00048092;0.014588472
2001-10-23;-0.003846242;-0.018616941;0.003487027;0.006838297;0.011011072;0.000950953;0.0436364;0.006542484;-0.00058096;-0.02319161;0.007426511;-0.009471183;-0.016481422;-0.005979602;-0.005298993;0.005622925;0.032002766;0.011969515;-0.00324675;0.003125026;-0.004491827
2001-10-24;0.032542758;0.038753394;0.014671857;0.018777439;0.044059373;-0.002850331;0.029214691;-0.008500004;0.010465023;-0.034482792;0.013892766;0.017529901;-0.014419288;-0.009200291;-0.025114149;-0.021777453;-0.002667553;0.019354872;0.01140068;0.014857391;0.000821943
2001-10-25;0.047008608;0.008609392;-0.000761052;0.013725505;0.047890007;0.014768912;0.041406251;-0.021684332;0.0247411;0.013758818;-0.003075973;0.04933431;0.00988533;-0.037499972;-0.009367746;0.012334531;0.012370473;-0.001476787;0.006441218;0.010389669;0.013718602
2001-10-26;-0.01173467;0.035178494;0.022848453;0.00967118;-0.011312217;0.04061041;-0.038509648;0.053092819;0.002807476;0.041293684;-0.00869569;0.008955287;0.023884052;0.090909049;-0.019700551;0.020505158;0.021136044;0.003591763;0.064000018;0.001986424;0.004405113
2001-10-29;-0.078471884;-0.020489747;-0.00483995;-0.032183912;-0.061784912;-0.028874408;-0.097789392;-0.059226677;-0.050951838;0.012201848;-0.02716466;-0.046597641;0.0126195;-0.017006803;-0.005626985;-0.036109541;0.00388101;-0.01873683;-0.054135356;-0.003498578;-0.022672417
2001-10-30;-0.043137278;-0.189795926;-0.010101028;-0.007521795;-0.045853686;-0.006968623;-0.044393115;-0.014047792;0.022418829;0.000821884;0.011052929;-0.005430616;-0.023036204;-0.010380597;0.03556997;-0.01570987;-0.022229398;-0.022741931;-0.095389493;0.000117053;-0.01710177
2001-10-31;0.024590168;-0.015743073;-0.010581965;0;0.032719903;0.042105246;0.035595786;0.013192612;-0.012117662;0.000547508;-0.000870903;0.002340147;-0.007730992;0.008741259;0.018735344;-0.003376323;-0.000988491;0.007903417;-0.02987699;0.000702054;0.002066331
2001-11-01;0.068000033;0.071657062;0.01757063;-0.011567566;0.060396004;0.043995492;0.074570268;0.022916595;0.00992991;-0.006839945;-0.003776794;0.001556382;0.002726907;0.008318882;0;0.010163167;-0.00263852;0.006316727;0.032608666;-0.00420946;0.020677928
2001-11-02;0.011235906;0.005671601;-0.004129081;-0.015028466;0.057422947;0.018060636;0.002710824;-0.003054963;0.034702051;0.012672151;0.006707482;0.020979056;-0.005827491;-0.001375074;-0.00229883;0.023780568;0.003968282;0.056493517;0.017543927;0.009746292;0.002170997
2001-11-05;0.03813234;0.031463385;0.006407843;0.035051562;0.080353186;0.003379089;0.034063213;0.049029674;0.039687034;0.037540834;0.019988373;0.053272434;-0.01875731;0.013080932;0.004608254;0.011316177;-0.029644318;-0.011473087;0.020689635;-0.00581463;0.013922374
2001-11-06;0.045834225;-0.022733839;0.006741513;0.019920319;0.040866368;-0.010734547;0.045228746;0.063777968;0.036021508;0.002621979;0.01249652;0.048410408;-0.017921178;-0.009853922;-0.012232404;0.026796227;-0.009843823;-0.020103652;0.00675675;0.001052801;0.014085051
2001-11-07;-0.014132597;-0.006772661;-0.001488058;-0.012499988;-0.035728302;0.021276595;0.007503733;0.030663619;-0.01401144;-0.003661172;-0.002805113;0.079255655;-0.008515778;-0.008236093;-0.022445817;-0.00487522;-0.020911917;-0.00592214;0.013422806;-0.000701159;-0.001888649
2001-11-08;-0.01384077;-0.018381232;-0.007451593;-0.014636109;-0.061482094;0.002708356;-0.05139026;-0.070603915;-0.006315833;0;-0.005907147;0.008939996;0.013496929;0.010726625;-0.015835298;-0.004637677;0.02030812;-0.001914897;-0.009933765;-0.000233824;0.000999438
2001-11-09;0.002004963;0.000604061;0.009759769;0.014452052;0.02472892;-0.017660551;-0.022245446;-0.005255643;0.007944996;0.01391083;0.001131888;-0.013291142;0.017756199;0.013693993;0.013676595;0.00407686;0.017501725;-0.019398846;-0.031772584;0.000935694;0.000941434
2001-11-12;0.016508251;-0.003018481;-0.005576194;0.00118713;0.038526665;0.015228452;0.042291168;0.000480318;0.003678386;-0.00595391;-0.007914149;0.020525958;-0.009912768;0.015872993;-0.000793669;-0.027842201;-0.012141609;0.019782605;-0.036269438;-0.001519104;-0.000665667
2001-11-13;0.030019715;0.020587355;0.019065429;-0.01067188;0.019160183;0.010833343;0.022342136;0.108017281;0.010994717;-0.003385444;0.008831948;0.051539894;0.010812994;0.017287249;0.009531365;0.023269653;0.026971629;-0.003410783;-0.062724002;0.000585173;0.018591015
2001-11-14;-0.007644522;0.000593309;0.008437254;0.003196161;-0.010800018;0.000412211;0.007786927;0.000433285;-0.00983939;-0.031094816;-0.006212969;0.002390969;-0.025752759;-0.001634024;-0.018882751;0.037900854;-0.02559842;0.009625684;-0.013384354;0.006198816;0.003431009
2001-11-15;0.005296038;-0.002668252;-0.000363777;0.009557935;0.000808753;0.003296247;-0.015453612;0.007362498;0.002615023;-0.011057272;0.002841782;0.009540837;-0.078893878;0.014402636;0.002405752;0.004775337;-0.075400859;0.004872872;0.001938029;-0.003370928;4.25E-05
2001-11-16;-0.021551671;0.050535101;-0.001091659;-0.001972432;0.012121181;-0.009240262;0.028607622;-0.0584695;-0.087115288;-0.026452072;-0.009067716;0.025989398;0.006181073;-0.017747637;0.009599991;0.010902974;0.008118056;0.021294504;0.032882027;0.002449255;-0.001882661
2001-11-19;-0.013705369;-0.049236041;0.016029093;-0.009881423;-0.020359214;-0.009948177;0.046025079;0.069406413;-0.006285749;-0.019607864;-0.000571932;0.001151327;0.022378162;-0.003285164;0.00396198;0.014657046;0.018667651;0.003922429;0.046816479;0.008726004;0.011610197
2001-11-20;-0.048635215;-0.010416621;-0.00143417;-0.025149668;-0.068052158;-0.027632399;-0.075294137;-0.04611443;-0.000575056;0.013714273;-0.004864148;-0.037377782;0.026609479;-0.000329605;-0.01183896;-0.004360857;0.038088374;-0.000205678;-0.035778224;0.003460243;-0.007971659
2001-11-21;0.01251955;0.004511324;-0.006822281;-0.018837059;0.019676382;-0.010118433;-0.003307915;0.006714397;-0.0040276;-0.016347183;0.006900566;-0.028673809;-0.010033435;0.003956506;-0.007987251;-0.005474869;-0.010730338;-0.005347559;-0.035250474;0.000344814;-0.00460282
2001-11-23;0.011334328;0.038922131;0.012653666;0.007929905;0;0.017833835;0.019913265;0.005780394;0;-0.000573079;0.001430566;0.031980347;0.011824273;-0.004597744;0.01127217;0.007431782;-0.001749448;0.008064504;0.009615421;0.000804317;0.011763708
2001-11-26;0.040244572;-0.011815557;-0.004998193;-0.013250506;0.038164642;0.009401762;0.050062578;0.021220138;0.003466284;-0.004587152;0.015394931;0.00893919;-0.00876457;0.013526884;0.00318471;-0.009835978;0.007711157;0.001435891;-0.013333366;0.007462704;0.007314459
2001-11-27;-0.016650351;-0.047827337;-0.005741003;-0.034410395;-0.022717854;0.002963577;-0.010250305;-0.00995669;-0.010362712;0.00806448;-0.01067119;-0.025398718;0.008842067;-0.012369765;0.000793593;-0.007174451;0.002434772;0.007783717;-0.021235455;0.013105431;-0.005160349
2001-11-28;-0.04880476;-0.03430324;-0.006856681;0.006084285;-0.077345729;-0.00780926;0.008188828;-0.004372557;-0.016288579;-0.021714238;-0.012773226;-0.030303031;-0.005843047;-0.001318422;-0.002379043;-0.009449699;-0.002428858;-0.008943139;0.005917107;-0.000337444;-0.017355701
2001-11-29;0.037696298;-0.0244212;-0.002906974;0.015982758;0.075125948;0.009146997;0.008122316;0.009222621;-0.00059138;-0.006717388;0.011500907;0.023749948;0.011484089;0.019471953;0.017488098;-0.009820384;0.021565247;0.010049256;-0.031372521;-0.008101735;0.011202266
2001-11-30;-0.020181615;0.00617687;0.018586013;-0.026360579;-0.030251347;-0.000843109;0.002132705;-0.00130543;0.048520692;0.024698624;-0.025866965;0.014652118;0.002913013;0.007445822;-0.010937527;0.005950668;0.019067056;0.000406101;-0.050607286;0.006920029;-0.000885221
2001-12-03;-0.025746653;0.04717283;-0.009302334;0.002620064;-0.011862937;-0.008438851;-0.009458536;-0.037908532;0.042889405;0.000287005;0.000291751;-0.019855591;0.001244763;0.001928003;-0.01658768;-0.025352156;0.016705647;-0.000405936;-0.012793165;-0.002591295;-0.008405118
2001-12-04;0.06342499;0.006479453;0.008306231;0.013501802;0.081369497;0.026170203;0.06469322;0.038949303;0.063852832;0.018359134;0.012252101;0.05647625;0.016991371;0.036882665;0.008032159;0.001156096;0.033848137;0.006294444;-0.025917901;0.007906976;0.014506748
2001-12-05;0.077037729;0.040159456;0.011461307;0.002148656;0.109374993;0.052249648;0.077354282;0.07192675;0.012716175;0.005633825;0.007204611;0.030215019;0.008557419;0.035879981;-0.023107566;0.025115443;-0.011443062;0.044188835;-0.046563201;0.011431095;0.022904059
2001-12-06;-0.008306429;0.039787754;0.00354109;-0.010720412;-0.011489973;0.018719226;0.001040567;0.016266759;-0.018583573;-0.008123275;0.009155928;-0.02820079;-0.02383839;-0.026575191;-0.013050558;0.007885176;-0.027652752;-0.024541073;0.023255792;0.007202233;-0.001149966
2001-12-07;-0.03722658;-0.018990878;-0.015525778;0.014737762;-0.059617553;-0.010444892;-0.014552952;-0.01040417;-0.03019448;0.017791614;0.003118815;-0.035983689;0.002483422;-0.02914107;0.009090881;-0.012294005;-0.006613719;-0.014857369;-0.018181801;0.005720535;-0.007296694
2001-12-10;0.007249861;0.021670038;-0.015770629;-0.011533552;-0.037480086;-0.016614513;-0.035021093;0.005661193;0.00897098;-0.00804664;-0.003109118;0.003612249;-0.003303052;0.002527644;0.003276;-0.021782083;-0.00532629;-0.011461888;-0.002314868;0.001422062;-0.0151927
2001-12-11;0.023032608;-0.007070136;0;-0.006914428;0.017398512;0.013913673;0.031919524;0.028146314;-0.004707121;-0.021818148;-0.005386976;0.004799035;-0.011598956;0.004727375;-0.004081648;0.012724077;-0.008366801;0.002034143;-0.006960495;-0.002184649;-0.001849063
2001-12-12;0.028611662;-0.001993725;-0.01019662;-0.005657057;0.010993504;-0.001764363;0.012076264;-0.006257327;-0.015239144;0.004575346;-0.003420831;-0.032835774;0.008382182;-0.018506845;0.020491803;-0.014563167;0.007528184;-0.024360474;-0.042056143;0.014778309;0.000419116
2001-12-13;-0.056999542;-0.023687266;-0.010708974;-0.000875294;-0.087394282;-0.049489331;-0.083525263;-0.057851214;-0.00160089;0.015371495;-0.005434744;-0.021604961;-0.012053159;0.012783624;-0.010441776;-0.024920221;-0.007382527;0.002913013;0.021951256;-0.021003447;-0.015198695
2001-12-14;0.031431317;0.006430904;-0.000746564;-0.002628098;0.026037076;0.013429704;0.00274104;0.015037539;0.026723679;-0.019296262;0.007190106;0.023974709;-0.007151875;0.041337945;-0.001623336;0.003863217;0;-0.003319499;-0.042959385;-0.007151352;0.003466087
2001-12-17;0.029535826;0.017717125;0.015689207;0.010540174;0.005161326;0.018144738;0.018678809;0.072427996;0.016137501;-0.037905131;-0.005711044;0.007393767;-0.007203393;0.005454555;0.008130034;0.026346933;0.003042602;-0.000832658;-0.004987585;0.016326537;0.010265492
2001-12-18;0.013205871;0.005707784;0.03420376;-0.008691906;0.038510893;0.002402938;0.008944493;0.032233313;-0.000512307;0.019849619;0.033314183;0.002446422;0.011523707;0.026220582;0.008064548;0.039803896;0.008088971;0.041666668;-0.012531316;-0.004370455;0.008277276
2001-12-19;-0.061573073;0.021850074;-0.019203447;0.001753657;-0.081170216;-0.013983235;-0.056959216;0.013754678;-0.021014856;0.035682663;-0.006670313;-0.006711331;0.009282671;-0.006461011;0.010400009;-0.020249641;0.012704817;-0.014000015;0.007614206;0.001423689;0.003963238
2001-12-20;-0.051724136;0.055262476;0.00398842;-0.008752769;-0.111210749;-0.029781224;-0.090716816;-0.000733423;-0.036125682;-0.006264163;-0.010912232;-0.054054119;0.015886253;-0.017440146;-0.01187653;-0.016704421;0.007923399;0.013184615;0.005037779;-0.002487936;-0.009174706
2001-12-21;0.035353575;0.002631539;-0.008667381;-0.036203079;0.084762886;0.0012529;0.036960464;-0.044036724;0.023356888;0.001719128;-0.008486542;0.040259797;-0.018518472;0.050541408;0.004807726;0.001151768;0.010481483;0.001000986;-0.010025053;0.002256561;0.005903854
2001-12-24;-0.009756135;0.066929214;0.007285933;0.021529973;-0.008372108;-0.009384791;-0.004735759;-0.021113215;0.001008445;0.015446251;0.003138391;-0.008739097;0.015932878;-0.009163795;-0.007177046;0.002300777;0.005510537;0.005400009;0.010126572;0.00177748;0.000294981
2001-12-26;0.016748777;0.032964334;0.006509957;0.007174881;-0.006097522;0.00378948;0.020535931;0.003529418;0.008537102;0.009295826;0.009954451;0.001259415;0.015270361;0.010404643;0.003212848;-0.004017199;0.029013528;0.024467865;0.070175432;0.003075493;0.005255641
2001-12-27;0.026647342;-0.011907596;-0.008983112;0.006233362;0.001415704;0.006711403;-0.004171734;-0.027354466;0.017875928;0.015629292;-0.008166633;0.013836555;0.022357693;-0.001716177;0.005838295;-0.003169133;0.001879683;-0.013592248;0.088992998;-0.002240595;0.006903525
2001-12-28;0.004247293;-0.006989658;0.009064539;0.002654843;0.055607934;0.00895834;0.010596266;0.022900751;0.007231373;-0.018961215;0.005962495;-0.004342531;-0.007554693;-0.01260752;0.003220609;0.003468288;0.035960022;0.006889809;0.045161299;-0.00130009;0.004310523
2001-12-31;-0.033364706;-0.018203883;-0.005389853;0.009267475;-0.052678585;-0.007846398;-0.015118239;0.015318197;-0.023076963;0.014565839;-0.003951436;-0.010591846;-0.018028801;-0.006093996;0.004012856;-0.00259217;-0.005735057;0.01368518;0.041152224;0.004733746;-0.009762183
